Country Name,"Age dependency ratio, young","GNI per capita, Atlas method (current US$)",Human capital index (HCI) (scale 0-1),"Human capital index (HCI), lower bound (scale 0-1)","Human capital index (HCI), upper bound (scale 0-1)",People using at least basic drinking water services (% of population),People using at least basic sanitation services (% of population),"Population ages 00-04, female (% of female population)","Population ages 00-04, male (% of male population)",Population ages 0-14 (% of total population),"Population ages 0-14, female (% of female population)","Population ages 0-14, male (% of male population)","Population ages 05-09, male (% of male population)","Population ages 10-14, female (% of female population)","Population ages 10-14, male (% of male population)","Population ages 15-19, female (% of female population)","Population ages 15-19, male (% of male population)","Population ages 20-24, female (% of female population)","Population ages 20-24, male (% of male population)","Population ages 45-49, male (% of male population)","Population ages 50-54, male (% of male population)","Population ages 55-59, male (% of male population)","Tuberculosis death rate (per 100,000 people)",Urban population growth (annual %),transformed_High income,transformed_Low income,transformed_Lower middle income,transformed_Upper middle income,hdi
Afghanistan,75.31759545604959,500.0,0.400284141302109,0.38714861869811995,0.4126172661781311,75.09141325,50.49964687,14.5899742065196,14.5543023182762,41.8226014534499,41.9328521054897,41.718008846999204,13.889633522582901,13.404600108188696,13.274073006139998,11.8799861292241,11.903831872474699,10.0738620929971,10.0983792515768,3.3901532643865098,2.64908380019989,2.05933892046386,27.0,3.35442115854384,0,1,0,0,0.496
Albania,25.324655487986398,5210.0,0.6342509388923651,0.624725520610809,0.643478035926819,95.06803883,99.29879315,5.64112870695768,5.9099592138806605,17.2358578454283,16.6132846833101,17.8364513481813,5.98970174382166,5.323384422462612,5.9367903904789605,6.6081611451815405,7.2517911346515405,7.8538744280249,8.013441531930459,5.47984111574,6.04240827902239,6.73537632602679,0.4,0.85386648009412,0,0,0,1,0.7909999999999999
Algeria,49.2744742475225,3570.0,0.534556448459625,0.527311027050018,0.5415102243423461,94.43732996,85.96546957,11.372214017131698,11.619049871697,30.7835156672667,30.4596415165343,31.1007118956705,10.6827548564111,8.62832983096694,8.798907167562339,6.57163458846254,6.700798345819369,6.769581469712612,6.9108886381971,5.48029936884891,4.6345982595858874,3.9176244553532302,7.5,2.5770663370279303,0,0,1,0,0.759
Andorra,0.0,0.0,0.0,0.0,0.0,100.00000370000001,100.00000370000001,0.0,0.0,0.0,0.0,0.0,0.0,0.0,0.0,0.0,0.0,0.0,0.0,0.0,0.0,0.0,1.4,0.0765809586482714,1,0,0,0,0.857
Angola,90.24021884301621,2140.0,0.36240538954734797,0.32986369729042,0.38537451624870295,57.16773762,51.66032915,17.2925093394329,17.9788289310474,46.395362394615404,45.7084858791099,47.0968220027588,15.7940134814435,13.1443160832399,13.323979590267902,10.7235610974215,10.773273508736,8.78223454806684,8.75870110270853,3.2024731764044603,2.3145379060284,2.0453272180393802,55.0,4.19296192786897,0,0,1,0,0.574
Antigua and Barbuda,31.7520143639358,13750.0,0.5957038998603821,0.5840800404548651,0.6074146032333371,0.0,0.0,7.155688031741638,7.89100679092005,21.850524359484897,20.833415582621104,22.938924030548602,7.7598426029744605,6.650348407982791,7.28807463665404,6.8892003395250585,7.537709704034362,7.40638386071577,8.09621527851234,6.7062979965728085,6.68302693096956,5.8939262518775495,1.2,0.5363965423564601,1,0,0,0,0.7759999999999999
Argentina,38.06231185242,9070.0,0.602144718170166,0.59166693687439,0.611715614795685,0.0,0.0,7.92005108648425,8.632651804292099,24.4353111421435,23.4157359660678,25.505640898744996,8.56781029070241,7.62979718301121,8.305178803750499,7.51594908131555,8.16249300539803,7.40754453639495,7.9945862755863715,5.797362854779051,5.00458838632571,4.55071139716704,1.5,1.1004150527232601,0,0,0,1,0.83
Armenia,30.924677984306,4220.0,0.578998804092407,0.569216191768646,0.588532090187073,99.97118069,93.93674174,6.186989761622749,7.740500966100731,20.832344833009,18.4708761525263,23.4916380089069,8.153775398260949,5.897786983899831,7.5973616445452405,5.04916574651462,6.5457360625708905,5.32466978063533,6.6674224231514,5.24535658193345,5.051203697658178,6.117107337271402,1.0,0.334547576037799,0,0,0,1,0.76
Australia,29.913278616852196,53690.0,0.770239531993866,0.761949002742767,0.7779680490493771,99.96981182,99.99115238,6.344752421168669,6.7526917284351695,19.2924250165216,18.7104843462235,19.8790892714762,6.622969022236661,6.13008598531269,6.50342852080442,5.799673094577599,6.12251326423136,6.1192901696521,6.388266446170349,6.54823652167065,6.0552540137219575,6.04317396568526,0.22,1.39445750643396,1,0,0,0,0.938
Austria,21.7103710549784,48350.0,0.746739745140076,0.7371965646743771,0.7565202116966251,100.0,99.97260464,4.7693426491593796,5.1887394865994025,14.4121767658946,13.7706387685311,15.072107495769401,4.9552097206765096,4.4899510785557,4.9281582884935,4.79264170324845,5.25946512944257,5.37586257412066,5.92971447787695,6.8767173210928405,8.04673118016546,7.81221035427916,0.46,0.8164100789713741,1,0,0,0,0.914
Azerbaijan,33.7170245597048,4480.0,0.577767550945282,0.561639130115509,0.5911514163017271,96.04337613,0.0,7.67559672252164,8.60667163705233,23.515291231231107,21.94863702138,25.0850401922023,9.089369008487038,6.38471371921353,7.3889995466629195,5.82978340178985,6.7409012720291,6.72299261938737,7.4628445243356705,5.84648853309914,5.86812866559361,6.078744809132449,7.3,1.3354432110178702,0,0,0,1,0.754
"Bahamas, The",30.5749517694146,26070.0,0.0,0.0,0.0,0.0,0.0,6.513813657836809,7.271851925502241,21.6013467465492,20.6490069501125,22.6088867724092,7.14259549015401,7.73366970888675,8.194439356753,8.07499196161362,8.46603486260617,8.299572110509269,8.74861978199097,7.2027756118748485,6.35292763209537,5.828575615014678,0.58,1.09684473743657,1,0,0,0,0.805
Bahrain,23.1227436688938,19900.0,0.652472019195557,0.6445410847663879,0.659845471382141,100.0,100.0,8.89123270488381,4.96222536834128,18.2823560524808,25.260809603582697,14.470491806257998,5.31616376216067,7.78910314102767,4.19210267575608,6.714921919319121,4.41055399764102,6.46604858686195,4.79938644620409,6.67348796972941,4.72369179099188,3.1005730258052404,0.56,3.7405522816630095,1,0,0,0,0.838
Bangladesh,39.334238440286995,2030.0,0.46403643488884,0.455268979072571,0.47212889790534995,97.69796025,54.16469553,8.60611854743214,8.7920627254378,26.7545413051915,26.4733257992804,27.0295785537361,8.98034723120022,9.06523034583882,9.25716859709811,9.3452343124225,9.578884750963221,9.2063498496106,9.29924687638979,5.66710491301444,5.12223839823026,4.17911635565445,27.0,3.04566007142533,0,0,1,0,0.614
Barbados,25.1891908853663,14350.0,0.0,0.0,0.0,98.51445042,98.09246231,5.01325133019078,5.52615685485031,16.760330578512402,15.9697073917471,17.6037502516465,5.662045957838429,5.81574918907254,6.415547438957749,6.21632375056478,7.00799516838745,6.22441616594846,6.85844525610422,7.00871415835035,6.75419171148371,6.796612119294809,0.87,0.22785159301454605,1,0,0,0,0.813
Belarus,25.66313835020789,6360.0,0.700078189373016,0.6902708411216739,0.7096639275550841,96.53472608,97.90431818,5.36086071279065,6.30545257988252,17.2403567959313,15.7593316691598,18.940383923414398,6.9769582760429,4.6800624322518605,5.657973067489031,4.27019731268839,5.18220007560179,4.09635414500805,4.969078506066901,6.854554302925861,6.26044610508739,7.807691424698151,2.8,0.130365174445911,0,0,0,1,0.8170000000000001
Belgium,26.73597524112969,45750.0,0.76041966676712,0.7519775629043579,0.768837928771973,99.99999645,99.48615647,5.25743758084513,5.68109276356619,17.033970820276,16.3667409659176,17.7129293469131,6.01563105215835,5.57506131869452,6.016205531188557,5.32990629535175,5.73145542521458,5.473475098973,5.87991473338515,6.832731726126701,7.054358772599441,7.07345584824005,0.29,0.6203689021849761,1,0,0,0,0.919
Belize,44.381371773259495,4110.0,0.0,0.0,0.0,98.40195463,88.21427557,9.7373161212849,10.105632556469699,29.199402456567398,28.615030521365,29.7899990392443,9.89982858096389,9.330031021715195,9.78453790181077,9.90993695586911,10.1369835306253,9.87241068748124,9.9160097289152,5.10616350038683,4.339581616193279,3.62862242808238,1.8,2.19154010594343,0,0,1,0,0.72
Benin,76.5733951398937,1280.0,0.400290727615356,0.378561913967133,0.42173755168914795,65.41412299,16.96288434,15.485528798227,15.9973625130652,41.944577339316396,41.2888555680966,42.60183923750729,14.145357111238301,12.0904769358785,12.4591196132038,10.5059029980474,10.7993098399669,9.10490282503563,9.30361623772267,3.57380470704206,2.9078095248162903,2.2675648569401203,7.1,3.84323703290972,0,0,1,0,0.52
Bhutan,36.130928981072,2840.0,0.47529703378677396,0.45032000541686995,0.499215334653854,97.31322263,76.50655402,8.68321692828988,7.9161251149146405,24.8945060186001,26.1467395062582,23.791049216385797,7.67520062815939,9.027591452873251,8.19972347331176,9.44056427632944,8.68108474543207,9.604315054283939,9.65307361608634,5.21962412853858,4.36517129292077,3.3014945609102497,21.0,2.78752440333794,0,0,1,0,0.617
Bolivia,48.4721959852318,3180.0,0.0,0.0,0.0,93.39007163,65.75642485,9.9661909437817,10.3441794913946,30.2029526032721,29.656698784696804,30.745188774566998,10.2820595153413,9.77198663458876,10.118949767831099,9.57991473789383,9.894317515870133,9.01262422592566,9.236979258687963,4.834569502079121,4.05374239994783,3.3807674573947297,11.0,1.87989454478974,0,0,1,0,0.703
Bosnia and Herzegovina,21.4950897239707,6080.0,0.57968407869339,0.5708836317062379,0.588268458843231,96.11389762,0.0,3.85663412985021,4.27521568720205,14.5224713707157,13.837484753966999,15.236065526833196,5.17792443587706,5.275993515732232,5.78292540375412,4.8316634870499815,5.23730416050203,6.24887259990706,6.943133021164451,7.16266372216264,7.10882361545342,8.00947834849674,3.5,0.19375128789414892,0,0,0,1,0.769
Botswana,53.8039774381244,6640.0,0.41402849555015603,0.388916105031967,0.4309838712215421,92.21356307,80.02624315,11.070195608176697,12.074982069161699,33.4037243151231,32.021746337810505,34.8750196427176,11.8584951790845,10.0528153623098,10.9415423944714,9.1903183931726,10.0140549680054,8.32534725028577,9.02406199987885,4.586080753297121,3.29664059050179,2.47959132612705,35.0,3.05854990331497,0,0,0,1,0.728
Brazil,29.712535084612302,7850.0,0.551497936248779,0.546363532543182,0.556369066238403,99.32085299,90.07847103,6.53922483139809,7.09014265733039,20.7091991600636,19.9091362326306,21.5375145892285,7.14777999031232,6.769155152084888,7.29959194158577,7.36628458982683,7.90276068500391,7.830381123178389,8.3166485188319,6.4361455498447295,5.90883011812149,5.2744910238284906,2.7,0.999249503269173,0,0,0,1,0.7609999999999999
Brunei Darussalam,30.960117419187107,31510.0,0.626391351222992,0.618847072124481,0.633784651756287,99.9000368,0.0,7.32555487990271,7.15988140289973,22.3240429826346,22.5035155062329,22.1576566058849,7.88899804834638,7.20821298266951,7.10877715463881,7.79159698996656,7.65418283866477,7.9326923076923075,8.15112759761572,7.31231303995383,6.25189988853987,5.102935410397951,5.2,1.35580343133988,1,0,0,0,0.845
Bulgaria,22.9896269922704,9630.0,0.6138981580734251,0.6032535433769229,0.624876379966736,99.01141694,86.03496784,4.25095766360296,4.765300355262901,14.679471450086998,13.871126400404696,15.535779540804805,5.12773549022101,5.04207229115212,5.64274369532094,4.26640114326513,4.8241601294085195,4.0434778716199204,4.59201077851091,8.02010360624293,7.12434438480422,6.8253924503596615,1.4,-0.151331327327057,0,0,0,1,0.816
Burkina Faso,83.3735555574133,770.0,0.383691936731339,0.363230735063553,0.401694387197495,47.21485446,21.664372600000004,16.3081837709093,16.916501200176597,44.370300287423895,43.55132850443629,45.190346541834096,15.0021451044179,12.7786842650019,13.2717002372396,10.8137301819131,11.2585573198613,9.034929744185751,9.33457913108766,3.1989773199129505,2.48691371414418,1.83238160780483,9.7,4.8930447343546595,0,1,0,0,0.434
Burundi,86.41150083419559,230.0,0.386170625686646,0.3643782138824461,0.405884236097336,62.20712225,45.72751068,16.966017055485803,17.5837951518882,45.2519194697339,44.5750458569197,45.9392453792155,15.527442666475,12.5444068078393,12.828007560852196,10.148262778469501,10.321559954602302,8.74053170825101,8.79905028319297,2.41642858208257,2.02869083083949,1.8390593410288798,22.0,5.60262426061548,0,1,0,0,0.423
Cambodia,48.1530583459087,1500.0,0.4915898740291591,0.47126007080078103,0.506987154483795,71.21988497,68.76930002,10.1874038674713,11.115411304289,30.9249525912639,29.579022939978,32.3358355312098,10.9409900784375,9.35766495526758,10.2794341484833,8.500800615014441,8.979562933755961,8.8176690901131,9.480247534310893,4.65768502101827,4.18303435352047,3.6547844120815096,20.0,3.17781513618208,0,0,1,0,0.581
Cameroon,76.1752944670103,1520.0,0.397401511669159,0.376647859811783,0.41758689284324696,65.72041818,44.63112443,15.3584550933774,15.649696940026299,42.063932899827,41.7062250368138,42.4214218869744,14.173566090422804,12.4166719359242,12.598158856525302,10.7033354739457,10.815989214491902,9.08989509140585,9.1426688483721,3.52755407346874,2.7180082962550096,2.05389364750896,37.0,3.5881264411255698,0,0,1,0,0.563
Canada,23.858378357298108,43530.0,0.797520101070404,0.789545595645905,0.8055559992790219,99.22181066,99.03286158,5.11419291941354,5.450113702741881,15.775252255078001,15.291979017967401,16.2657006569124,5.401213889810362,5.096118201919111,5.414373064360159,5.10804351756517,5.43066054571978,6.0769977704867495,6.4500401394861795,6.350948619002018,6.49141279780707,7.37113431230474,0.21,1.1877243044453798,1,0,0,0,0.922
Central African Republic,81.1435382291954,500.0,0.29163190722465504,0.2558374106884,0.32074791193008395,37.20240205,14.11863478,15.0336122102605,15.5412895847274,43.541727789353,42.91852682695321,44.175791402155895,14.645482410083,13.648971434342695,13.989019407345399,12.244213420086501,12.490131752074499,9.89493053804991,10.0983190771089,3.1974794093002497,2.58976241853735,2.0104075032935897,91.0,2.78631252169325,0,1,0,0,0.381
Chad,91.13757404659141,630.0,0.299782782793045,0.281631708145142,0.317157030105591,46.18753479,12.06370114,17.687612551362,17.993614766523102,46.4902972531612,46.2113508059933,46.7700669620264,15.4318264133548,13.246258155395902,13.3446257821484,11.2568564165263,11.3277651560882,9.30956665149874,9.38669564167572,2.87114779327746,2.16734531113379,1.7122206003046299,22.0,3.9892892614249598,0,1,0,0,0.401
Chile,28.0781095911098,13470.0,0.6516041755676271,0.641071140766144,0.661716818809509,99.99999872,99.99999872,5.88577107158115,6.279235988448138,19.2387284481891,18.639632053528498,19.8546649579993,6.83231078876205,6.33662313968056,6.74311818078908,6.3131775938183,6.70998525409709,7.128942246768499,7.55464678422296,6.59344180238029,6.315742680970451,5.8401902294680585,1.9,0.958329674358122,1,0,0,0,0.847
China,25.1874818000155,10550.0,0.65310263633728,0.639979422092438,0.665241241455078,94.26111059,92.37617808,5.63078475976844,6.02187499923806,17.711815385171498,16.9459371672447,18.439131660129,6.27433943751155,5.55044016784053,6.14291722337936,5.4542893107715,5.97403060063853,5.83164688145829,6.268070671273942,8.28629453646254,8.44541072101933,6.767114799221631,2.1,2.06604671821217,0,0,0,1,0.758
Colombia,32.2642570374796,5790.0,0.60433030128479,0.591710686683655,0.61637419462204,97.49165711,93.68063058,6.9957317694738475,7.60038077910825,22.183570505064306,21.299628701784503,23.099838764446698,7.579415834512861,7.31590697774991,7.92004215082561,8.02974478653442,8.672642836593031,8.39783429967658,8.99182391175608,5.692438739375241,5.48768831827524,4.962255895279982,2.1,1.4687733536546101,0,0,0,1,0.7609999999999999
Comoros,67.4216578278588,1400.0,0.40468829870224,0.3601017892360689,0.434066563844681,0.0,0.0,14.0610569403771,14.342316135989002,39.0198493331999,38.6604229803547,39.3728072075194,13.241445972101,11.5939035879538,11.7890450994294,10.2268982832957,10.3772229985889,9.091942767240141,9.20978541124761,3.9206388648886494,3.18885314816039,2.5514472715335397,9.7,2.91220065368456,0,0,1,0,0.5379999999999999
"Congo, Dem. Rep.",89.46794655309179,550.0,0.366369277238846,0.343863993883133,0.384989798069,45.95212696,15.38867157,17.470075292469097,17.8748920939065,45.795189251334115,45.3247237444893,46.26714251960379,15.4067557601881,12.7570029737422,12.9854946655092,10.5054304862796,10.6479013321622,8.60755173904699,8.65378017333505,3.28260647263893,2.6531814728872,2.08950437497758,45.0,4.448304653510808,0,1,0,0,0.459
"Congo, Rep.",73.7403628521748,1770.0,0.41926571726798995,0.392945200204849,0.440487414598465,73.78451158,20.45974611,14.7235075942977,15.068208909419198,41.270262683426296,40.860117316708,41.681146655503504,14.098237081008401,12.3127861305838,12.514700665075901,10.3210529098498,10.445906268341801,8.596972420651161,8.665103432464733,4.39206174968567,3.4035168416478103,2.46354488990009,53.0,3.19956759567998,0,0,1,0,0.608
Costa Rica,30.2210660458026,11530.0,0.628635048866272,0.61889111995697,0.638374447822571,99.81053693,97.91499372,6.665377291354622,6.99778709948151,20.8280216516382,20.327354868778,21.3295005728709,7.1889405267269,6.811079316981549,7.1427729466625,6.97043355179484,7.29848538904143,7.69576601054986,8.01795309845364,5.863321959737152,5.8794314983128215,5.72466205331393,0.75,1.78224364902207,0,0,0,1,0.794
Croatia,22.6482199901253,14530.0,0.7096939682960509,0.7003625631332401,0.7188518047332759,0.0,96.56523542,4.201552604544919,4.79095555380409,14.5415633136651,13.6253184419768,15.5257031302102,5.26011321219911,4.83707247871095,5.474634364207,4.50193228898163,5.113040420514,5.41106766962562,6.11799572776528,6.815164210232751,7.00775832974619,7.350911335972659,1.5,0.0967717694402532,1,0,0,0,0.8370000000000001
Cuba,23.3490061245727,0.0,0.0,0.0,0.0,97.00269616,91.35635221,4.870695973521992,5.21919925569062,15.920721599461,15.371124859463599,16.478105681405097,5.73774048327473,5.14491294983051,5.52116594243979,5.47460805856695,5.879005624287361,5.9806268397734,6.405015552680299,8.42691733997597,8.70430844453992,8.36588738479529,0.35,0.0495578357624637,0,0,0,1,0.778
Cyprus,24.0199796459157,26110.0,0.755520224571228,0.7459179162979129,0.764445602893829,99.76517318,99.39596129,5.2051264641540005,5.53193463614763,16.5771738149134,16.0775825664448,17.0773171790547,5.75976696480943,5.438132507075468,5.785615578097612,5.8730108785834805,6.36903203571085,7.26160765889373,8.22068750683497,6.4648044618683205,6.11717375239017,6.00118638507143,0.39,0.7544773571233241,1,0,0,0,0.873
Czech Republic,24.5790846158467,22070.0,0.752257406711578,0.7428697347640991,0.7615647315979001,99.88059167,99.13349732,4.99689135945082,5.446274098050232,15.755551345174696,15.0965701945751,16.435019142641803,5.40595183860778,5.13678018416396,5.582793205983782,4.373470971919232,4.740729389085518,4.23446507469934,4.57450912485524,8.42801604241765,6.699374606687268,6.24410860684886,0.21,0.442133008051133,1,0,0,0,0.8909999999999999
Denmark,25.618634324373303,63010.0,0.755094826221466,0.747646927833557,0.7622250318527221,100.00000109999999,99.59722947,5.15729998400188,5.50024814533502,16.2817353400313,15.750013217332098,16.819738823996,5.2996480816403295,5.62035290619951,6.019842597020661,5.70463485489429,5.999108830049441,6.25416689267732,6.66022773802937,6.5200577489241525,7.4290441525046695,6.722151199519613,0.17,0.43020163782909104,1,0,0,0,0.93
Djibouti,43.55490906429539,3310.0,0.0,0.0,0.0,76.04992021,66.72263564,10.4398849489029,9.67219211049089,28.912246963562797,29.2732122411297,28.5859346850536,9.54579348854416,8.51241660607792,9.3679490860185,8.74055721745212,9.59222956764349,8.80537473694535,9.42401920642475,5.64265799346041,4.2006346906413,3.5940754499579,26.0,1.66130003195854,0,0,1,0,0.495
Dominican Republic,42.1929708550865,7260.0,0.502766907215118,0.48870384693145796,0.515102922916412,96.68681192,87.17818151,9.04361531709498,9.44570952082663,27.439340849988604,26.85808676652,28.0218212448918,9.380134310138821,8.82163243701583,9.195977413926313,8.65714815078113,9.01724666799306,8.51520655476603,8.80758317420932,5.51101231662288,4.87428864830905,4.24127469498206,2.0,1.8757425842173303,0,0,0,1,0.745
Ecuador,42.1304186170586,5530.0,0.5942548513412479,0.585349440574646,0.603065609931946,95.35976356,91.52492213,9.23671026720804,9.661114162823,27.391924323305894,26.7953687129028,27.9881847184901,9.32669010849827,8.627360225089872,9.00038044716878,8.68036936998943,9.014206647523801,8.73877580964241,9.01922714486582,5.524281017748869,4.8072452009768485,4.02094238701643,3.9,1.8196603137309093,0,0,0,1,0.758
"Egypt, Arab Rep.",55.839569481270296,3000.0,0.494374662637711,0.4802601933479311,0.5076782703399659,99.44017596,97.32547363,12.183320669619805,12.627171393336,33.921026207374,33.2667536230035,34.5617405086782,12.291006250292304,9.279474626300633,9.6435628650499,8.34529409247094,8.65666005104321,8.108222501069049,8.33856547438321,4.69361638046265,4.002733929893471,3.4876425216074103,0.56,2.0442059542637803,0,0,1,0,0.7
El Salvador,41.061179459684894,3630.0,0.5461766123771671,0.530962347984314,0.55970561504364,97.94657541,82.44975254,8.155889496625429,9.71063329758953,26.590587254025998,24.433173506577397,29.041695099235202,9.61776089241819,8.20224031872205,9.71330090922743,8.466721182267719,9.74317157287652,9.34077767925289,10.237305461951301,4.85729265741543,4.25516989722121,3.6970133288368197,0.97,1.45959253768289,0,0,1,0,0.667
Equatorial Guinea,60.45301657632029,5810.0,0.0,0.0,0.0,0.0,0.0,15.859975425831802,12.930623542376802,36.779224296767204,40.886597441395395,33.502524411184304,11.1717368461519,11.4019322042065,9.40016402265563,9.6009508436328,7.83912965478356,9.287268814095619,10.2987006330249,3.4716420205540897,2.61846792588226,1.6613701017453,51.0,4.05678215704239,0,0,0,1,0.588
Eritrea,0.0,0.0,0.0,0.0,0.0,0.0,0.0,0.0,0.0,0.0,0.0,0.0,0.0,0.0,0.0,0.0,0.0,0.0,0.0,0.0,0.0,0.0,16.0,0.0,0,1,0,0,0.434
Estonia,26.134207964507,23170.0,0.77720320224762,0.765454649925232,0.7887171506881709,99.59078178,99.14176925,4.77636613411299,5.7017515943836905,16.498170044514502,15.2145232013958,17.923927848568606,6.05881716460659,5.22273139440439,6.16335908957827,4.34303657301496,5.08818437567626,4.07444386985502,4.70438662372545,7.7997504996372,5.959367083773558,6.72648522728719,1.2,0.57038440813616,1,0,0,0,0.882
Eswatini,63.956037484449,3410.0,0.3725008070468901,0.352485179901123,0.389619916677475,70.75307095,64.29217458,12.0616414206479,12.717892241107199,37.442896004358,36.5844645448258,38.33097173801721,12.619161189402304,12.4901682917237,12.993918307507801,10.827253495341802,11.462973225120802,9.163660650113233,10.304154771007099,3.81789294257115,2.91510883213266,2.12648798041513,20.0,1.8314271316673505,0,0,1,0,0.608
Ethiopia,70.5938717268796,890.0,0.382784843444824,0.372133255004883,0.3922038972377779,49.61557274,8.910277929,14.3979916844031,14.8135863178146,39.9176363563044,39.429316347028,40.405364794498894,13.423040401997099,11.9312689379737,12.1687380746872,11.197497202104499,11.376142306856801,10.1244599607275,10.311212360694,3.6015194507834103,2.7257915008710096,2.0150656759886,17.0,4.7315930224040095,0,1,0,0,0.47
Fiji,44.51545982362929,4890.0,0.508573293685913,0.49649858474731495,0.520610868930817,94.30106524,99.16077717,9.826276032602062,10.1132554215912,29.0112611482021,28.692707933078108,29.3210841860895,9.885070635965981,9.176675873479411,9.32275812853235,8.25833020663342,8.517503711306599,7.96133138649175,8.07456973071553,5.59449184834082,5.28481249642085,4.88394733248462,5.8,1.5984846894515299,0,0,0,1,0.7240000000000001
Finland,25.7632629620082,49780.0,0.796001017093658,0.7870250344276429,0.80467289686203,100.00000329999999,99.44792539,4.58894880625799,4.9502160367090395,15.865122222382698,15.2869766607129,16.459303632037102,5.7035081902177,5.40288970741143,5.80557940511037,5.14337438290332,5.55759283210475,5.4340472141272,5.879360534269072,5.86113483867332,6.449480787262219,6.73230844903722,0.55,0.24797592984891798,1,0,0,0,0.925
France,28.6618412041778,39480.0,0.762737214565277,0.7544858455657959,0.771440088748932,99.9999985,98.64760678,5.25337651940516,5.85777193752484,17.653655860491398,16.7202380858724,18.64898424920289,6.31834397805959,5.79189716092507,6.4728683336185,5.64607855934855,6.286788884617032,5.4270567516628,5.91642806978779,6.8667118614450295,6.79482652217,6.58202591107497,0.68,0.540944063384709,1,0,0,0,0.8909999999999999
Gabon,62.9380335151272,7030.0,0.457612454891205,0.433462828397751,0.47837093472480796,85.3419306,49.82416677,14.5024952556287,14.2897496058627,37.26388687956421,37.5941782858774,36.9455375538242,12.4530610299297,10.4136432928224,10.202726918031802,8.79598197047418,8.584601369638099,8.15437095218662,7.97013560441151,4.99040476530956,3.6610189839114304,2.4363245396141098,84.0,2.8073378232318102,0,0,0,1,0.7020000000000001
"Gambia, The",82.1210424907451,750.0,0.42157062888145497,0.39422816038131697,0.44180372357368497,80.94040714,46.87122407,16.6415734358735,17.2535751831395,43.950017131025,43.1875572601804,44.725415922706006,14.864251505999,12.2083630237972,12.6075892335675,10.5329178310254,10.740817995227498,9.443291487566132,9.440819663924447,3.0471240008677203,2.55619336859846,1.99868172943748,18.0,3.941044324368701,0,1,0,0,0.466
Georgia,31.3367043520859,4270.0,0.5689257979393011,0.561714708805084,0.5758548378944399,97.3481397,85.76672943,6.23037546912088,7.2720406348111,20.220411930611103,18.542942640334,22.062489118869,7.77282249831293,5.7492332184518,7.01762598574499,4.8950931728184806,6.06913324921222,5.2789628860488795,6.47955241536124,6.4467841031081505,6.06077022891007,6.65175699692883,4.8,0.533010073479484,0,0,0,1,0.7859999999999999
Germany,21.6846735570901,47470.0,0.7511624693870541,0.740105748176575,0.762275040149689,100.00000229999999,99.22561915,4.6646865889505325,5.027881675716371,13.955595452885197,13.360357952885,14.5645184528236,4.75745903549001,4.3247345392519305,4.779177741617231,4.64678158066055,5.19177520929094,5.12400457382563,5.75261039169222,6.29629998963442,8.09576058824349,8.19300099423142,0.32,0.276895619755864,1,0,0,0,0.939
Ghana,62.1665719617475,2340.0,0.450056403875351,0.43752223253250105,0.46175664663314797,85.79099665,23.70247451,13.3154942920245,13.5181595884546,37.1311565625911,36.853879143083795,37.40090396196221,12.6036706415029,11.116772192501399,11.279073732004699,10.010614146914001,10.1773276303065,9.12282794705405,9.28539741494587,4.48332091957593,3.7687621440483903,2.9581208227378304,32.0,3.2565353358402995,0,0,1,0,0.596
Greece,21.3174974983054,17930.0,0.6900064945220951,0.6803865432739261,0.7001301646232609,100.00000229999999,98.99374813,3.73611092792285,4.12787690589946,13.6559208078554,12.9863035896315,14.3505858096034,4.761205717317201,4.952413971129951,5.46150318638672,4.8472366940946605,5.265308085145981,4.87949457626672,5.28653632863979,7.7625001319435,7.68026512238688,6.69854682313277,0.5,0.354765215767831,1,0,0,0,0.872
Grenada,35.7914029994515,9410.0,0.565070509910584,0.553347826004028,0.5766236782073969,0.0,0.0,7.8814029685066105,8.13538982811563,23.7764723656497,23.3541618176284,24.1944022870857,8.23244979352698,7.49825434623028,7.82656266544312,6.58514314360912,6.76949140578124,7.686247829122879,7.775385592771679,5.81300956481841,5.3859457170084415,5.55359474817351,1.9,0.847638662924855,0,0,0,1,0.763
Guatemala,54.1136811493132,4490.0,0.4612700939178471,0.451281309127808,0.47037664055824296,94.00642827,67.92858108,11.113788499655302,11.955329882071199,33.342431565664,32.149920261500895,34.5702766330403,11.4715361507375,10.368975683223699,11.1434106002316,10.4959499180169,11.2343010605171,9.785224292173659,10.3450518170785,3.83558195554173,2.95037707136051,2.35599220537551,2.3,2.28880632653613,0,0,0,1,0.6509999999999999
Guinea,79.7221760012635,1020.0,0.37094247341156,0.352458745241165,0.38669076561927795,63.96178874,29.77614039,15.381799226439199,16.6418079359268,43.0489549254367,41.404336388891394,44.8039376481332,14.7784104914127,12.3548909825685,13.3837192207937,11.036589700980501,12.0146054749439,9.51793612503942,10.3844907963409,2.6082779258563398,2.13499140752568,1.7537052782881901,17.0,3.8137569489133702,0,1,0,0,0.466
Guinea-Bissau,75.97301853732559,760.0,0.0,0.0,0.0,59.01691221,18.225043799999998,15.0371579513838,15.990734344730198,41.9272144678788,40.758855787757504,43.1473104150328,14.498361370943,12.028015434152696,12.6582146993596,10.306345450078199,10.7657149980004,9.08760841258805,9.310633170422607,3.38383392455554,2.49040454141758,1.93602335111328,74.0,3.3739176635920094,0,1,0,0,0.461
Guyana,42.4889359845415,7130.0,0.4952264726161961,0.47736513614654497,0.509675323963165,95.55480685,85.78250661,9.19567274494259,9.583641976088929,27.73192363632669,27.209022787141,28.248586142298397,9.59779951409307,8.857573975090151,9.06714465211643,9.497966803918061,9.53459621943173,9.47213626249968,10.2030342637701,5.663520828013719,5.44256210987766,4.53243466675431,12.0,0.845089549856879,0,0,0,1,0.67
Haiti,52.082038437091704,1320.0,0.446564912796021,0.4282266795635221,0.46255362033844,66.6953084,37.12173441,10.7196427755256,11.4418073934785,32.4738952625242,31.501216740465196,33.472467961563694,11.1894100093398,10.250744102236698,10.8412505587454,9.84552174412855,10.2333533874409,9.28609467168782,9.39891885551179,4.03478573059898,3.6007816658653904,3.08226597789546,11.0,2.8125081058090604,0,0,1,0,0.503
Honduras,47.468700219494494,2180.0,0.4810231328010561,0.469157963991165,0.491263329982758,95.68922113,83.77658071,10.0205257431401,10.516056158161,30.5881798237931,29.9050916434477,31.2722272514185,10.2067740579687,10.121035698488699,10.549397035288802,10.292736001653001,10.7278818641794,10.066250609395805,10.4240757504728,4.574146069413692,3.67774122629767,2.85125119218894,5.2,2.6967980811295402,0,0,1,0,0.623
"Hong Kong SAR, China",18.3310944529128,48630.0,0.812756538391113,0.8024086952209469,0.822600364685059,100.0,96.50417399,4.28938102521811,5.48102635546591,12.672434410598099,11.0895068224804,14.539609369049199,4.66862189526541,3.3237687321834506,4.38996111831788,3.17946172376755,4.00626107302279,4.5707488831303005,5.491695996064731,6.78248992780113,7.12877354952487,8.577140920077701,2.0,-0.341579602527262,1,0,0,0,0.939
Hungary,22.0220789835804,15890.0,0.683087289333344,0.674525618553162,0.691527485847473,99.99999747,97.9837035,4.42685214049137,5.1552229873379005,14.4086586501878,13.3895436286636,15.530562678979699,4.98803032780896,4.65496076500051,5.3873093638328005,4.664403557285549,5.430956042770702,4.985735062115,5.77523634883243,8.44701332321942,6.925686255406362,5.722455835737129,0.64,0.196052610816182,1,0,0,0,0.845
Iceland,29.904582638325802,62420.0,0.7452818751335141,0.7390626072883609,0.751472234725952,99.99999721,98.78054272,5.86299272866437,6.11475744581547,19.424281230677305,19.03382495805,19.8098071818208,6.705171961144661,6.613088404133179,6.98987777486071,6.245105831787809,6.35220676176308,6.41172834054579,6.621160409556309,6.251276217146517,5.99224059974913,6.13284326594907,0.62,1.65871413643107,1,0,0,0,0.938
India,38.8915736652485,1920.0,0.493510901927948,0.4892657995224001,0.49779936671257,90.48952503,71.26847596,8.395052995767111,8.53832536302384,26.1606114389267,25.8875382320968,26.4130462687842,8.62879449179939,9.028966007061527,9.24592641396093,8.95676649968683,9.297275807617439,8.69493076906234,9.045561742860288,5.68352389761793,4.90902459663386,4.20446677125538,36.0,2.29782759107855,0,0,1,0,0.647
Indonesia,38.2528616512909,3870.0,0.540038466453552,0.530018210411072,0.549938440322876,92.41534961,86.462642,8.516251446183139,8.78080440125337,25.9360062932775,25.497604078059698,26.3683226970828,9.01210628009972,8.22850591904202,8.57541201572975,8.32828740106458,8.71931346653721,8.120059119731,8.44172420017473,6.65788295971283,5.81473960011621,4.74897660514783,34.0,2.23010935628228,0,0,1,0,0.7070000000000001
"Iran, Islamic Rep.",36.023226190536604,2960.0,0.5934044718742371,0.581339716911316,0.6037614941596979,97.48263633,90.26676799,8.95587969252136,9.22764463252875,24.744696129195297,24.3310934708511,25.1502638415601,8.41037034025754,7.291458531458808,7.5122488687738,6.49336879875113,6.67260401157261,6.62521585241749,6.6052046379672875,6.14983736950641,5.47435572089175,4.3060401751483,1.0,1.93164307865068,0,0,1,0,0.797
Iraq,64.0915851379172,4680.0,0.407643288373947,0.40058308839797996,0.413814187049866,98.35990325,99.96973686,13.1507332721696,13.597092963682,37.7137463856355,37.1154445883343,38.2975489761211,13.2009298853735,11.1661903197754,11.499526127065499,10.1827032591692,10.456986022737802,9.35550831939531,9.53652702176043,4.37355196623128,3.361904231395,2.11365405399351,2.3,2.59903771391135,0,0,0,1,0.6890000000000001
Ireland,32.2531889310901,65620.0,0.7925990223884579,0.7835327386856079,0.8010845184326171,97.39970651,91.33736508,6.116880834379341,6.5906568179398395,20.8322717914466,20.1560700871565,21.5181110482432,7.50072715064236,7.02432024491172,7.42672707966104,6.15987390843239,6.48108449674037,5.751902212273179,5.9830729936863305,7.421179114030679,6.33932581611186,5.83890747502702,0.37,1.6067156993253702,1,0,0,0,0.942
Israel,46.569240489781706,42600.0,0.7339953184127809,0.7227711677551271,0.744976282119751,100.0,99.94903563,9.504524978470009,10.088537521149,27.82847045272189,26.9692811191179,28.6955066447824,9.81333608163381,8.25245018659326,8.79363304199956,7.4702628499083605,7.95451934104854,6.989242365133929,7.4306477748863395,5.7100352659874405,4.7696708329880595,4.26012106913531,0.24,1.8761315465480601,1,0,0,0,0.906
Italy,20.384749981511398,32290.0,0.727819681167603,0.719787061214447,0.7354813814163209,99.91703407,99.8851602,3.6339648562925397,4.067192692370081,12.9872905260916,12.281283362165198,13.731339633072901,4.6699634567549015,4.471307357379518,4.99418348394789,4.4856607135426305,5.0426960643188306,4.563964347333429,5.18578456725172,8.156438719364349,8.222326963106019,7.727784670860269,0.51,0.133919872109161,1,0,0,0,0.883
Jamaica,34.5718782754472,4670.0,0.534977912902832,0.517991423606873,0.547929584980011,91.0299445,86.60642453,7.57059912036044,8.02277563023895,23.358155754133396,22.7440463419867,23.98129883420511,8.123140277115299,7.49101587642137,7.83538292685084,7.8694217978974494,8.32475414063707,8.59029714653508,9.05282310441802,5.80488704384268,5.587418968305872,4.97774626592481,0.24,1.01662935138614,0,0,0,1,0.726
Japan,21.044258295718397,40360.0,0.804714262485504,0.796795904636383,0.81325364112854,99.07891245,99.921764,3.59166318994952,3.97362429658327,12.448556731833301,11.835424995279501,13.0911827910672,4.4912473546850995,4.1833980541168305,4.626311139798861,4.28880040673999,4.73950231927835,4.5135088905154,4.98045076157783,8.240398509903441,7.068140526511692,6.4200186403763615,2.8,-0.2487051098915949,1,0,0,0,0.915
Jordan,51.9901389893782,4310.0,0.553174376487732,0.541209638118744,0.563964486122131,98.94030296,97.08435633,10.2360039712846,10.501746135630805,32.8538466710326,32.6482318115304,33.054296194390304,11.387599523730199,11.1725632752259,11.164950535029302,10.2273681544028,10.165062614462801,9.25158040412049,9.178008660120382,5.35966174078524,4.33784186888874,3.1349527359673703,0.09,1.23467108143259,0,0,0,1,0.723
Kazakhstan,46.2951087821466,8710.0,0.628506422042847,0.621939837932587,0.634843647480011,95.43497032,97.8671202,9.62099876569885,10.868425652799802,29.144173150275996,27.4773566583966,30.911750863250603,10.987629786614402,8.061731200500681,9.055695423836367,5.6351932289765285,6.277272348690139,5.549978020995541,6.18580899093037,5.85891115917708,5.03331581611596,5.32508776806253,3.2,1.5195106751106298,0,0,0,1,0.8170000000000001
Kenya,65.5158101115732,1840.0,0.5467525124549871,0.527030169963837,0.5646011233329771,61.63289158,32.69894486,12.8860024811505,13.317886124485801,38.589603642806,38.030160531048004,39.1560507807934,13.1304656128686,12.3496138455012,12.707699043439,11.048017147817,11.309983518178198,9.67513016133319,9.802943103861981,3.94919225898943,2.92717484013995,2.1471655230095603,39.0,4.01041775742508,0,0,1,0,0.579
Kiribati,59.9930079709132,2960.0,0.4925929307937621,0.4625399112701421,0.516819953918457,77.97092085,45.57596312,12.172580804586305,13.228585046983499,35.9165836465772,34.3003525419261,37.58681737709379,12.731513005583599,10.885967513426195,11.626719324526801,8.243550459622421,8.83494484543102,8.94533952752792,9.30648236415634,3.9765763311997797,4.29490671387716,3.6803758681737695,45.0,2.9262181829928102,0,0,1,0,0.623
"Korea, Rep.",17.5016869798142,32960.0,0.7987762689590451,0.788339078426361,0.809219837188721,99.93139665,99.9374936,3.60387119971782,3.7960942191909903,12.5428090967313,12.1964608586641,12.888310671447,4.51475723348228,4.30388563924637,4.57745921877371,4.636924362453018,5.02328502297255,5.987951801111491,6.55785309150438,8.51879699775429,8.44891036939585,8.11418158928201,3.8,0.118490422980679,1,0,0,0,0.906
Kuwait,28.4260132243298,0.0,0.562588036060333,0.552965342998505,0.5721922516822809,100.0,100.0,8.54347851027434,5.66846666559569,21.4622119618196,25.6498182193649,18.8095298200843,6.5264304560124815,8.169350353869929,6.61463269847608,6.08066942130297,4.7540855691798605,5.659805436451651,4.33594727142959,11.0910303750775,8.72108278388615,5.511607430407818,0.5,1.49775613966585,1,0,0,0,0.8079999999999999
Kyrgyz Republic,52.1353238651849,1160.0,0.596617102622986,0.58721125125885,0.605376899242401,91.69930522,97.89104384,11.2245031045633,12.0904665553238,32.6488402017414,31.5265970886169,33.7954060242868,12.2113736997524,8.924781637169948,9.49356576921051,7.4400023537112405,7.89472216455394,7.65538513055059,8.11822376187923,4.87343792121514,4.36641495753377,4.1062569912030895,4.6,2.7971341429446697,0,0,1,0,0.674
Lao PDR,50.07907202621311,2520.0,0.45666533708572404,0.4414177536964421,0.470381379127502,85.21974318,79.48011751,10.7775013921996,11.127024142106599,31.947231553309997,31.4813169297542,32.4096320876807,10.7348059611249,10.277027023297899,10.5478019844493,9.64859171214887,9.83105837842989,9.469137321932287,9.55311279880519,4.88636544120506,3.92604292575102,3.2494439719217496,23.0,3.2623529728397,0,0,1,0,0.604
Latvia,26.1322418694274,17880.0,0.70658141374588,0.69415694475174,0.7191427946090699,98.78260115,92.42436928,5.36737387227029,6.83751736957862,16.432103098402198,14.673713153945599,18.4887086235932,5.60554262103491,4.8792072898494006,6.045648632979653,4.20035678250625,5.04292931616774,3.28184834579974,4.1593814129404505,7.43406461943368,6.513476952524692,7.64813604866243,3.4,-0.507162973074089,1,0,0,0,0.8540000000000001
Lebanon,37.2039059561265,5370.0,0.5151255130767821,0.5049667954444891,0.523942470550537,92.6,99.2,8.173564827052338,8.413543958138929,25.06879771209061,24.238456781965102,25.88791488078569,8.92219622754418,7.8197277867985795,8.552174695102611,8.39986830677441,8.48057452442643,8.82185305112907,8.56111016355691,6.029462014945231,6.205784711675428,5.7521423294969996,1.4,-0.254489950764724,0,0,0,1,0.73
Lesotho,51.3237060201424,1100.0,0.400392591953278,0.37545609474182107,0.42323952913284296,72.17603927,50.31807569,11.5997206307553,12.0744595297791,32.2380358212327,31.785530663354503,32.702587634230596,10.656606272766,9.810817634170027,9.971521831685507,9.993992455556151,10.2639670750745,9.31915724839722,9.724395666777037,4.29395903306684,3.2467004115615694,2.71602251762146,53.0,2.33383865503819,0,0,1,0,0.518
Liberia,71.6972214682667,570.0,0.319014221429825,0.303157895803451,0.331662684679031,75.26179159,18.16357204,14.414397937608195,14.865101380942399,40.372218018495005,39.7837017292888,40.954376707692596,13.609545418968999,12.1575038824907,12.4797299077812,10.7978170581495,11.026969497813,9.114609218261581,9.19659442785342,3.89933055107513,3.0580455206390096,2.38171371215938,56.0,3.3214839924861197,0,1,0,0,0.465
Libya,41.0474520837284,4960.0,0.0,0.0,0.0,99.8915238,92.10600221,8.91936929655699,9.240020214850539,27.7847746828399,27.3098705382728,28.2505707408777,9.79108534316669,8.93300612775712,9.21946518286051,8.05616375953329,8.29927434682998,7.830362522225982,7.94955051363075,7.151997975055469,5.46977185067649,3.46532469887455,13.0,1.7449921123785601,0,0,0,1,0.708
Liechtenstein,0.0,0.0,0.0,0.0,0.0,100.0,99.95,0.0,0.0,0.0,0.0,0.0,0.0,0.0,0.0,0.0,0.0,0.0,0.0,0.0,0.0,0.0,0.0,0.6203267474565121,1,0,0,0,0.917
Lithuania,24.220573281789605,19620.0,0.70604795217514,0.697123229503632,0.715152084827423,98.01334724,93.93707198,4.8126791693109015,5.93196596472821,15.477930520969698,14.0151432260323,17.1756533995986,6.36062118101219,4.04526008271878,4.8830662538581695,4.04259305862529,5.00370241915194,4.45817012057684,5.43283383082524,7.47420409893118,6.98546889769498,8.54826279953682,4.4,0.301239627807458,1,0,0,0,0.8690000000000001
Luxembourg,22.2088011577738,80860.0,0.6861461400985721,0.680551052093506,0.6914051175117489,99.87993254,97.59134711,5.21899615047723,5.401990606057731,15.5575755058485,15.3819301914418,15.7293255882269,5.2854349673233605,5.0160154368772,5.04190001484584,5.40904815620465,5.5861421978792505,6.22323353448248,6.50089864713333,7.99116830444712,8.0499199272238,6.943746900536032,0.35,2.21198053966015,1,0,0,0,0.909
Madagascar,70.48701034648391,470.0,0.391991019248962,0.374714523553848,0.408600389957428,53.38588491,12.31140011,14.635452999337002,15.0460392718757,40.0625394125994,39.5919114467729,40.5352836730423,13.358464681508801,11.9265011097979,12.1307797196579,10.831707070998199,10.9238408963722,9.66311146983367,9.66260452061689,3.840525750293952,3.03864333862555,2.3776117169789504,44.0,4.402811227167501,0,1,0,0,0.521
Malawi,79.0783564423532,580.0,0.413240641355515,0.395300924777985,0.429228365421295,70.04772851,26.55426445,14.923084126742802,15.6562137714745,42.9920576904741,42.07026090773461,43.9394397117586,14.645066581782501,13.15206048566,13.638159358501598,11.2231972258841,11.5329100362867,9.53782818707831,9.687655454393491,3.2272928333861697,2.40398675561692,1.7747969400586399,14.0,4.117354702418161,0,1,0,0,0.485
Malaysia,33.8024067566527,10570.0,0.6109761595726011,0.6010172963142401,0.62073016166687,97.09990707,0.0,8.1259356022824,8.15642626731477,23.448119120315102,23.4067600730465,23.4872342079729,7.76554940519144,7.5490818824182915,7.56525853546667,8.21820652251626,8.27736443191322,8.829213002579891,8.861647353018759,5.85765109619115,5.05399224920634,4.584063328714,4.8,2.0135574196988504,0,0,0,1,0.804
Maldives,25.5182779226973,6490.0,0.0,0.0,0.0,99.54443859999999,99.15533568,8.6957401803516,5.3640997527177685,19.5996995619228,25.950084508182602,15.9406639294546,5.632960854756679,8.183630714423069,4.94360332198012,6.47221350714018,3.94339336537116,7.56221725181414,10.529615546120501,4.913567862641719,3.11581439835767,2.17275929641208,2.5,2.8547727482332004,0,0,0,1,0.7190000000000001
Mali,93.05510751899841,830.0,0.318269580602646,0.30681523680687,0.328763157129288,82.54729103,45.39420987,17.534549945278197,18.0729477877856,47.0073008848574,46.304674805999795,47.707195559188996,15.8122965658351,13.426050351981,13.821951205568302,10.979589655697902,11.245248233297902,8.707397636571981,8.832110715893087,3.17037440658977,2.29946770750309,1.63510256206547,6.9,4.74718330919958,0,1,0,0,0.4270000000000001
Malta,22.3536726174616,25370.0,0.709248304367065,0.702540516853333,0.715682506561279,100.0000004,99.96447143,4.7837760484101794,5.032969018155541,14.373911487669401,13.931555204230401,14.813928281094801,5.02122662812754,4.4639490457434405,4.75973263481167,4.56707508211467,4.7461837232409,5.51338139824368,5.832354800830999,6.561737873724152,5.751964592177759,6.39960256526059,0.23,4.19381354360654,1,0,0,0,0.885
Marshall Islands,0.0,4940.0,0.4233981370925901,0.403989374637604,0.44079652428627,88.57204698,84.15036532,0.0,0.0,0.0,0.0,0.0,0.0,0.0,0.0,0.0,0.0,0.0,0.0,0.0,0.0,0.0,95.0,1.1686076001902,0,0,0,1,0.698
Mauritania,69.4559897736948,1670.0,0.38154608011245705,0.34517124295234697,0.405886620283127,71.68104923,49.83422278,14.6270389976321,15.0453044371667,39.68509081743221,39.2149840215425,40.1511190026814,13.4407089393875,11.449362957023402,11.6651056261271,10.0180629797912,10.2045798231335,8.86900516227088,9.029538141852118,4.00641375668581,3.13959728151963,2.41787834676171,15.0,4.19541145295883,0,0,1,0,0.527
Mauritius,23.7424230232808,10230.0,0.62185925245285,0.604988753795624,0.6395822167396551,99.8662547,0.0,4.873294044424299,5.20335309491936,16.7847437582955,16.247107267413398,17.336648180021697,5.589978963472941,6.1336019506834685,6.54331612162938,7.20300114700436,7.67833237712756,7.234819265327411,7.569643653981,6.628418435647348,6.763562185248929,7.0561611525467,1.4,-0.01240435084196,0,0,0,1,0.7959999999999999
Mexico,38.8228001679666,8480.0,0.6129498481750489,0.604578197002411,0.621053159236908,99.67956828,92.42406261,8.12914971708637,8.886394400157311,25.835265458110598,24.7198615234657,27.000012335209604,9.0876343075221,8.27200606389792,9.025983627530199,8.37302446671729,9.02945746355175,8.25167544985128,8.72844663910408,5.997589782489031,5.1307559171826105,4.3482263918754,1.7,1.4143747761486,0,0,0,1,0.767
"Micronesia, Fed. Sts.",48.4229279419108,3950.0,0.505966544151306,0.470419675111771,0.529178023338318,0.0,0.0,10.5587096089563,10.764363885088901,31.1928918564113,30.9368422914345,31.438098495212003,10.384746922024599,10.2792663730744,10.2889876880985,9.83357209812348,10.106019151846802,9.97683097221485,10.2718878248974,4.56908344733242,4.225376196990419,4.020177838577291,8.2,1.5857881840925905,0,0,1,0,0.614
Moldova,22.1846338616011,4560.0,0.5841535329818729,0.5746731758117679,0.5929018259048461,90.56996224,78.72914055,4.6891308794915405,5.38077272066142,15.8883212364615,14.808302529483699,17.063355060915,5.917017650015299,5.01814929519841,5.765564690238321,4.65268956855581,5.41503856460276,5.61500658893155,6.371273007159081,6.53789196735117,5.6888029884785,6.71734767874788,5.3,-1.3956493481058299,0,0,0,1,0.711
Mongolia,48.135439865055,3740.0,0.6143975257873541,0.5966362953186041,0.630410850048065,85.49562527,67.74079142,11.1371511129095,11.778105668036499,31.092947847810887,30.2700190530244,31.940343236293398,11.3433793239668,8.381947905700459,8.81885824429008,6.51308009064165,6.82788465170191,6.82836585895231,7.115989149488031,6.0527950099037895,4.949663754249901,4.11352295517322,9.8,1.79997565975672,0,0,1,0,0.735
Montenegro,27.264083265445105,7900.0,0.633181810379028,0.624314546585083,0.640698492527008,98.85691652,97.77177272,5.60033259947276,6.15817080592344,18.0449188461085,17.104620801955303,19.005805585340198,6.2019622427655605,5.90553041111941,6.64567253665118,5.87025470946365,6.60413507082299,6.23435034441054,6.91453907902745,6.4054636257377675,6.05481013514166,6.70137782028123,0.23,0.38590297102608395,0,0,0,1,0.816
Morocco,40.7890940922824,2980.0,0.5041163563728329,0.49341303110122703,0.5138836503028871,90.40234468,87.25043077,8.705693458811881,9.31561132631325,26.767992682852807,25.869899494295698,27.6796706776648,9.59634134337347,8.183591072467621,8.7677180079781,7.80416088893904,8.29023512565208,7.57635218994679,8.001479727423119,5.323830408518651,5.0008497622985795,4.930586731249691,10.0,2.04634643399117,0,0,1,0,0.6759999999999999
Mozambique,83.0192496291054,460.0,0.36211666464805603,0.343050569295883,0.37738421559333796,63.36942563,37.20486798,15.9690425214101,17.058269114219,44.062787799945795,42.7389090818562,45.4632944512644,15.0638174876804,12.621626667994402,13.341207849365,11.084557359091802,11.5895230749327,9.1690773750249,9.47669693022264,2.9231572990541697,2.16918555711049,1.7306816756522398,20.0,4.370514835054951,0,1,0,0,0.446
Myanmar,37.326042153543,1350.0,0.477652013301849,0.45909866690635703,0.494243919849396,83.71819191,73.63687714,7.9177274004984275,8.68254577865378,25.4855945068719,24.426515533882604,26.624227360671306,8.663720590888161,8.55883253982567,9.27796099112935,8.97708247338274,9.68963230243564,8.48711815887871,9.02558677111035,6.21065293577201,5.36762700804228,4.3191716002058,33.0,1.6043012848037401,0,0,1,0,0.584
Namibia,61.84225651351849,4500.0,0.446437537670136,0.42295604944229104,0.465390145778656,84.27003628,35.25996865,12.8118524357391,13.6675589417082,36.841243572664105,35.752536026818795,37.998413552837896,12.921100640343301,10.7731778835394,11.4097539707863,9.399701962905,9.888258586016038,9.44606498614074,9.794728026610741,4.1237071551689795,3.04502051258319,2.4003741222376203,59.0,3.76561133226831,0,0,0,1,0.645
Nepal,44.0770668984193,1190.0,0.5046017765998839,0.48969578742981,0.518612623214722,90.07454179,76.61121355,8.36732828645485,10.3810521607964,28.809713816283498,26.27586135696189,31.806732399715802,10.3822133456094,9.22906369136326,11.04346689331,10.0331237423894,12.0224880294956,10.673842073530901,11.5091993930375,4.66386508980266,4.34078601723723,3.6364787332747297,55.0,3.9063172591815,0,0,1,0,0.579
Netherlands,24.4332364705053,51060.0,0.7899150252342221,0.7802541851997379,0.799554824829102,99.99999929,97.68577085,4.86779763211862,5.15839897295876,15.7016579989626,15.2303143342055,16.176391521990098,5.3752513281665015,5.30338945358588,5.6427412208648215,5.750484313995512,6.10954833261002,5.79691518503493,6.118485746698692,6.706457486665619,7.49257509389849,7.38697773084562,0.16,0.9445407347408508,1,0,0,0,0.933
New Zealand,30.265378172473802,41550.0,0.775932431221008,0.768010795116425,0.783405423164368,100.0000013,100.0000013,5.97715399641935,6.526639728997541,19.430686986713397,18.5929439208505,20.2972960087555,6.794891321820482,6.37706101375573,6.97576495793749,6.0669964560555005,6.51765300529964,6.4484292862765,7.0187999728288695,6.27395668567942,6.27779608406679,6.45217227675902,0.26,2.18372512748305,1,0,0,0,0.921
Nicaragua,45.5103654779354,1850.0,0.508098244667053,0.500067174434662,0.515531063079834,81.7087538,73.02109747,9.567238790310462,10.2764630155943,29.500657704654497,28.318706553105105,30.7169183015815,10.376222606313501,9.18408014989411,10.0642326796737,8.66519530732609,9.55315238162623,8.44636657087453,9.217486015432867,4.81719062658028,3.79297786819544,3.2198426328445797,2.2,1.62841974632298,0,0,1,0,0.6509999999999999
Niger,104.064383308758,550.0,0.31568518280983,0.29482802748680104,0.33261701464653004,46.91179747,14.75130566,19.49990989884,20.0520946100566,49.6719578310814,49.062893932947595,50.27438001045999,16.5869320588505,13.346478382243399,13.635353341552902,10.761858687650195,11.0096042247578,8.50605630171834,8.734745995637692,2.73877963035012,2.1843910908356596,2.04637324144743,15.0,4.42911381901051,0,1,0,0,0.377
Nigeria,80.8705835837584,2000.0,0.360609829425812,0.33457151055336,0.38145971298217796,77.60905338,42.72256141,16.2893057388147,16.6339871555216,43.487610717997505,43.1009378877436,43.863923830806506,14.633592533685201,12.4258819838113,12.596344141599698,10.5822457864885,10.6743770919775,8.752136693290401,8.77793899101995,3.64452113488247,2.8217758620143396,2.23066535590623,62.0,4.09661059095784,0,0,1,0,0.534
North Macedonia,23.565322203407398,5750.0,0.55734920501709,0.5513598322868349,0.562938094139099,97.74281579,98.32787804,5.2070158050572015,5.53337344345385,16.310177625332805,15.7695229479212,16.8503767760483,5.7532114484647305,5.2119137689448,5.5637918841297305,5.65042559464643,5.98437240615623,6.07337918211686,6.43441179659755,7.0669618310941695,7.0178317313274405,6.5447626066204725,1.2,0.268995477915187,0,0,0,1,0.759
Norway,26.461307711778,78290.0,0.771051168441772,0.764168739318848,0.7782204747200009,99.9999955,98.05107359,5.45885347144756,5.670911096893669,17.2571003576487,16.9661341929295,17.5418241646025,5.85616772074863,5.83393845950727,6.01474534696018,5.87130896343845,5.99930729497227,6.3720811752986215,6.6575960507784195,7.103365239857332,7.1020513630924,6.27573236768258,0.34,1.0211550755444,1,0,0,0,0.954
Oman,29.9816661505757,0.0,0.608116269111633,0.59517228603363,0.620704412460327,92.16802469,99.32024218,12.7709641601666,6.8811920848132,22.486882728439497,32.18564701979739,17.4900526076855,5.68575438471558,8.62886951794295,4.92310613815674,6.96104335887288,2.77969159374879,7.41243912664882,5.94463879319809,6.126940891274482,3.6795708304774397,2.7766650940737003,0.36,3.5816391981080598,1,0,0,0,0.8340000000000001
Pakistan,57.239094128249995,1270.0,0.406070023775101,0.39175963401794395,0.4194494783878329,90.14896508,68.39731114,12.547580065137598,12.7641768478672,34.8195636842817,34.530302296046,35.09241109818711,11.6353985022891,10.5360220698456,10.6928357480307,9.8236067632103,10.0666956641313,9.354855148544411,9.44996774799622,4.315204885931149,3.6743347022983395,3.0666793804388397,20.0,2.67494154391561,0,0,1,0,0.56
Palau,0.0,14390.0,0.588113486766815,0.5673240423202509,0.6051538586616519,99.6575455,99.62327456,0.0,0.0,0.0,0.0,0.0,0.0,0.0,0.0,0.0,0.0,0.0,0.0,0.0,0.0,0.0,2.5,1.14632136952542,1,0,0,0,0.8140000000000001
Panama,40.7822482627586,12420.0,0.5016019940376281,0.48944056034088107,0.510967671871185,94.37254436,84.57385023,8.82936839408823,9.21578976609812,26.494779440002198,25.9484019587097,27.0399744430246,9.09272737374299,8.39124817623932,8.731457303183511,8.141351197834881,8.415328629368299,8.00384985205728,8.175870881715651,6.198677704316912,5.39451265811064,4.52011222845714,4.9,2.1164811192043302,0,0,0,1,0.795
Papua New Guinea,57.350891508482505,2720.0,0.429185003042221,0.413044840097427,0.44425606727600103,45.34401752,19.22383321,12.207044831472304,12.5357700141329,35.146010561724204,34.7041474507046,35.5695575726477,11.79832542044,10.982757301685,11.235462138074901,10.2161588780885,10.4277690894539,9.287078766509358,9.41605123561975,4.75329635785075,3.83363046817125,3.03009672351924,49.0,2.64312529703139,0,0,1,0,0.5429999999999999
Paraguay,44.9386019790676,5180.0,0.5281800627708441,0.509541630744934,0.541788995265961,99.59346633,92.72078540000001,9.76164210970392,9.895181494112071,28.8935018642733,28.7164818124549,29.0648279972188,9.62749285391076,9.43751300535607,9.542153649196,9.18752511993433,9.29924179717247,9.444952781649699,9.558735887163527,4.51536271231335,4.0545917072255495,3.5836947764570897,3.5,1.72999023792547,0,0,0,1,0.7240000000000001
Peru,37.0849730102409,6030.0,0.6051926612854001,0.5931746363639829,0.616166830062866,93.13936621,78.57670211,8.33711198054147,8.852206347719699,24.692138937652697,24.4471604099019,24.9403337500151,7.99489284985547,8.25936345162247,8.09323455243993,7.57425312958771,7.21511342296163,8.43185538207126,7.381427943257201,6.398133027926789,5.4952417806497085,4.6273901454128605,7.2,1.66241146999863,0,0,0,1,0.759
Philippines,46.6170604167064,3430.0,0.5159621238708499,0.500622451305389,0.530668556690216,94.10903456,82.25604781,9.46928504886873,9.90505067117097,30.0426785361611,29.414251581877604,30.6656665847399,10.623654057668901,9.767789638779401,10.136961855900099,9.26677464874966,9.826957053871313,9.00527127565384,9.434609952147813,5.240384471229401,4.6138419273898705,3.77231750814232,28.0,1.89324969217441,0,0,1,0,0.7120000000000001
Poland,23.0421705193895,15240.0,0.7530885934829709,0.743042945861816,0.76286369562149,99.96659155,100.0000026,4.7035115883039404,5.27497639722099,15.2177060186446,14.389415154923999,16.0988812067347,5.309189724899,4.93744285248414,5.51471508461473,4.3720957221083,4.8079813793118875,4.97553863343791,5.42766577799629,7.04387196711856,6.05636975653078,6.153360232476128,1.5,-0.0286616109172993,1,0,0,0,0.872
Portugal,20.3415786783003,21790.0,0.7689495682716371,0.7594370245933529,0.7777990698814391,99.91199367,99.60414613,3.6162260386962,4.27783054597045,13.0539569188451,12.058038894233801,14.1631671750241,4.69909623356718,4.46356962353748,5.18624039548643,4.778031344919,5.56503125807156,5.023346851744,5.59585608227471,8.08698694909696,7.342962342305219,7.193668203831072,2.4,1.01426954593886,1,0,0,0,0.85
Qatar,16.1083625305961,55990.0,0.637771606445313,0.632160842418671,0.6430392861366271,99.56810194,100.0,9.204874812305759,3.1989691173991504,13.639214551068699,26.7026574012641,9.31964981398389,3.2143492207183395,8.30980898837169,2.9063314758664,6.67472151412508,2.68786934763883,6.72430771379684,8.74319615174112,7.620910474404599,5.75183533590284,3.66258916880472,0.28,1.76236611097911,1,0,0,0,0.848
Romania,23.786902697286898,12580.0,0.584187865257263,0.572614371776581,0.5962278842926031,100.0,87.06644493,4.62195093572594,5.1612950816727805,15.520594441401501,14.6854590910149,16.403094234797198,5.305619723597999,5.31675666269045,5.93617942952638,4.88924772632305,5.4661942511325705,4.93079057889854,5.58620820892906,8.15499440234204,8.1433735959885,5.405642045809278,4.8,-0.239296210402507,0,0,0,1,0.816
Russian Federation,27.767415669390502,10690.0,0.681419610977173,0.6729212403297421,0.689803600311279,96.99254807,89.39067659999998,5.7588777278039895,7.04140293643587,18.362261821337306,16.662422629447402,20.3298406472154,7.09966701950859,5.09381408404134,6.18877069127089,4.420284930315559,5.353243633651,4.13921416183258,4.988051575585139,6.91127193272756,5.80864818471604,6.89070579064117,5.0,0.0141724625910293,0,0,0,1,0.8240000000000001
Rwanda,68.76269685376921,780.0,0.3795527517795561,0.36368390917778,0.391555368900299,60.41450115,68.83344246,14.202559296608,14.9180729245437,39.474235223650496,38.683703535639296,40.29180685271661,13.210194189776098,11.803905917557099,12.1635397383969,10.337204990054301,10.5748613530323,9.06745831066742,9.210763336108393,3.41260078044034,2.75666905538513,2.95002804113621,4.9,3.2283682891567005,0,1,0,0,0.536
Saudi Arabia,34.3933214404794,21930.0,0.576390504837036,0.5649206638336179,0.58694452047348,100.0,100.0,9.99570306511283,7.504291325730048,24.6962309936749,28.848281828801106,21.66798600468481,7.5032283048871,8.85853753422683,6.6604663740677,7.42256169377559,5.607981359184411,7.5264196111862995,6.100249422441901,9.24881781154012,6.3829682601845885,4.46295888970553,2.1,1.842570012469689,1,0,0,0,0.857
Senegal,78.43707266704601,1430.0,0.42011079192161604,0.40378797054290794,0.434972137212753,84.90523779,56.77646012,15.034494342507902,16.233593222683,42.591561704730296,41.038918623212396,44.2206470981674,14.990101930230699,12.0955145398801,12.996951945253699,10.2029185322306,10.893347456823301,8.86024906845737,9.294578183124392,3.18884905183529,2.5110928754091604,1.9525541303559,16.0,3.68878277228226,0,0,1,0,0.514
Serbia,23.43461163357561,7420.0,0.6766063570976261,0.665117859840393,0.687133073806763,95.29552932,97.89866471,4.539227349233991,5.063754030410419,15.367105276861901,14.547798997648801,16.220551629093098,5.2757105661185895,5.275635364185139,5.8810870325641105,5.56345072446244,6.18893923826966,5.74432798478325,6.381431570004192,7.04125172823672,6.55027711371792,6.22382526051774,1.1,-0.204257766705542,0,0,0,1,0.799
Seychelles,34.8654608301797,12200.0,0.632779061794281,0.609291434288025,0.65689092874527,0.0,100.0,8.07916327425315,8.1226828446242,23.766866299938002,23.7364564414104,23.7930966117488,8.11871765895438,7.57604225381516,7.55169610817027,6.57606313020605,6.49893931283332,6.459155341224611,6.481095977319139,7.7261642776423,6.87761454430104,6.01122147544559,1.0,1.5993509567052901,1,0,0,0,0.8009999999999999
Sierra Leone,71.1163562282623,510.0,0.36270210146904,0.345196336507797,0.3792309761047361,63.76628562,16.50967615,14.459052202016801,14.5910356047452,40.343623648188796,40.1889909919199,40.498799494328296,13.425117155739699,12.397059272536302,12.482646733843401,10.9108286662866,11.0244072259917,9.4044766609289,9.500610237164867,3.7781956822989,2.91904103220128,2.19157905365641,31.0,3.1025170978111203,0,1,0,0,0.438
Singapore,16.545559363396002,54920.0,0.879125714302063,0.871676206588745,0.886267602443695,100.0,100.0,4.45147674784781,4.37798003237481,12.3011782900897,12.5101951661462,12.1109038202868,3.71572340270591,4.21823430123748,4.01720038520607,4.60161558861527,4.46964444852277,6.39209120522107,7.162037673519889,8.482142419790371,8.11992592391821,8.48697545633825,0.43,-0.3119049612508211,1,0,0,0,0.935
Slovak Republic,22.958133799865305,18920.0,0.664987325668335,0.65712183713913,0.672512054443359,99.78769858,97.53262546,4.9445873215563205,5.46120544867949,15.553528967650301,14.8054523048276,16.3417879170759,5.44040408067922,4.92477412961183,5.440178387717191,4.57602625194383,5.06816115530723,5.0578973598118475,5.605648944377591,7.70711372931665,6.47140714671811,6.60456599431479,0.64,0.14342410223534902,1,0,0,0,0.857
Slovenia,23.604260118821802,25360.0,0.7749869823455809,0.7687781453132629,0.7809458374977108,99.5,98.09979585,4.7177259409295,5.02622605604552,15.1364302350527,14.637990537528903,15.6390367357978,5.4106816842634,4.853109412456809,5.20212899548892,4.267214204820919,4.5722206659389695,4.4509831350328,4.81641760768138,7.466070341856401,7.432164832935669,7.28427499203076,0.69,1.09910546039936,1,0,0,0,0.902
Solomon Islands,71.10259473605271,2300.0,0.419872611761093,0.408778667449951,0.43002885580062894,67.30102554,34.75592548,14.820683853845804,15.2089262502076,40.0300487418545,39.4495521539264,40.5921629034937,13.7389695987539,11.291526467939901,11.644267054532099,10.0232216482631,10.362993970142801,8.65154495047628,9.100904192268269,4.511799165096691,3.28378123013669,2.56798621092475,8.0,4.39674333988239,0,0,1,0,0.557
South Africa,43.84437867137249,6010.0,0.42545339465141296,0.41365456581115706,0.43670666217804,93.88505744,78.47461071,9.457290574139,9.99107270355722,28.801125096507807,28.06198238654601,29.5624399387569,10.0744482169572,9.04320313399824,9.49691901824246,8.11104614883394,8.46241437743112,8.132443380413001,8.47761494621511,5.401880311385419,4.41814577567945,3.5445152473239703,42.0,2.0154800329559497,0,0,0,1,0.705
South Sudan,74.7074839599439,0.0,0.30652084946632396,0.267352998256683,0.33447498083114596,40.95092717,15.84481734,15.070129670355199,15.4356922898997,41.32777069295521,40.8586379380813,41.7957727751528,13.8973059856713,12.2013016224222,12.462774499581801,10.640517357797698,10.8261196563135,9.44539294168993,9.5323695425355,3.57894875865026,2.9043297054049804,2.26863613048263,26.0,2.67911003501181,0,1,0,0,0.413
Spain,21.9427395340741,27360.0,0.728255033493042,0.722873985767365,0.73388797044754,99.92561261,99.90336421,4.0562371708638505,4.46362569825546,14.399467365666899,13.708630537492,15.1143046115868,5.03390192972181,5.077764989677809,5.616776983609519,4.57270630659882,5.0086128944573804,4.6303936522049405,5.02632522856962,8.75837930489141,7.958077733907468,7.33039961375796,0.54,0.7651872336759229,1,0,0,0,0.893
Sri Lanka,36.3921567637808,3720.0,0.5983242988586429,0.59227728843689,0.604202330112457,92.22757937,93.65293491,7.321778171505048,8.22346484502186,23.6848504400243,22.4903078701862,24.9816043105958,8.33763255975178,7.689805909779018,8.420506905822151,7.482070311241831,8.08986660726803,6.75372170517605,7.235439793574799,6.425211332504362,6.232386523067151,5.73835451812254,3.5,1.21697057013045,0,0,1,0,0.78
St. Kitts and Nevis,0.0,19080.0,0.586181640625,0.573051154613495,0.598464250564575,0.0,0.0,0.0,0.0,0.0,0.0,0.0,0.0,0.0,0.0,0.0,0.0,0.0,0.0,0.0,0.0,0.0,1.9,0.820128227435399,1,0,0,0,0.777
St. Lucia,25.020492425392398,8560.0,0.602564752101898,0.587717175483704,0.615442216396332,96.88784457,83.36810833,5.73025631122126,6.0660016367698075,17.9526975880453,17.455770489340903,18.462321116542398,6.152263829598991,5.90728164193677,6.24405565017363,7.0391708777237785,7.323438986087449,8.53047517890287,8.75782442325982,6.656565879984961,6.63887107119949,5.8868416978169,1.3,0.920461209209923,0,0,0,1,0.745
St. Vincent and the Grenadines,32.1203389158394,7310.0,0.533341825008392,0.5219604969024659,0.544671952724457,0.0,0.0,6.94695682362185,6.94439503361912,21.9019289706147,22.039503736592998,21.772386068519,7.31616208331851,7.5499278261981795,7.5118289515813395,8.00306967055857,8.34786011597709,8.308209541559322,8.4367996015511,6.42498843786688,6.1990821445088695,6.257782204987731,0.98,1.11089466199054,0,0,0,1,0.728
Sudan,70.4083220913094,650.0,0.377445191144943,0.36208176612854,0.39090895652771,60.44867560000001,36.89208291,14.2341842169715,14.6792061731035,39.799367195706395,39.217487906967705,40.3821603716935,13.3945975530069,11.9701901023126,12.3083566455831,10.8093829661816,11.0873615387021,9.380669214173713,9.59079612521765,3.7728300093644602,3.18047937912919,2.49762008499908,9.4,3.2943578456010596,0,1,0,0,0.507
Suriname,40.2805208716902,4620.0,0.0,0.0,0.0,97.98963167,89.95421143,8.614793085959459,9.17401008065884,26.6654393214144,25.832385234329,27.488789846076607,9.24930975300351,8.5215823886612,9.06547001241427,8.35366605896948,8.90706935031985,8.05758502049265,8.555331691664799,6.2932888319053495,5.60880802653805,5.31642821770424,2.3,0.9843340882911908,0,0,0,1,0.7240000000000001
Sweden,28.4033129184267,54050.0,0.79535710811615,0.785323143005371,0.8050231337547299,99.82686763,99.2862251,5.7974459176524995,6.11273452756078,17.6235795377188,17.1702091314386,18.0752634886272,6.009906804716481,5.64965776994847,5.9526221563499275,5.243235403762808,5.47445940825235,5.23258132464923,5.53567768154124,6.55996198418367,6.8190672881135095,6.17705621347684,0.22,1.02894002235642,1,0,0,0,0.937
Switzerland,22.683890790975298,82620.0,0.7561151385307309,0.7467938661575321,0.765869855880737,100.00000279999999,99.89987655,5.05733816100547,5.38656173025828,14.9586313532815,14.466987849033599,15.4580207786013,5.180583038013361,4.578614390835071,4.89087601032968,4.77891386549323,5.04910975468879,5.456125586738732,5.73512314004315,6.97581636873819,7.9622968627144095,7.552598629417219,0.2,0.805290557309692,1,0,0,0,0.946
Syrian Arab Republic,47.823178711389296,0.0,0.0,0.0,0.0,93.92585718,89.69347966,10.7487913862127,11.1824284408849,30.7746543015697,30.194728228934608,31.3532833375095,9.992403024406787,9.818831493335919,10.178451872217801,8.827136651613529,9.17479493588233,8.982881251064,9.34174575188655,4.62325336627068,3.8107822259309705,3.2701013063259197,0.13,3.67672483541112,0,1,0,0,0.5489999999999999
Tajikistan,62.585975308833284,1060.0,0.5041163563728329,0.48066037893295294,0.525358021259308,81.85241502,96.76531446,13.9312843202229,14.5146281382797,37.2700598523011,36.521641182915,38.0070449117284,13.039578936679401,10.0327901834019,10.452837836769305,8.35532588995888,8.65471650764149,8.62984540683835,8.852896266920919,4.16204545482921,3.7541164333136803,3.29081610358284,9.6,3.0161883170296098,0,0,1,0,0.6559999999999999
Tanzania,80.9532029976423,1080.0,0.3898347020149229,0.377067387104034,0.400763750076294,60.71679759,31.760775800000005,16.1092095349529,16.4974445839665,43.554428049932795,43.0391185922614,44.070293806179706,14.611206391401,12.6673115126423,12.961642830812199,10.6830632225132,10.8606722403738,8.774359290977289,8.845581209246909,3.56179743813864,2.74339900549085,2.04687879592275,29.0,5.022127913462692,0,0,1,0,0.528
Thailand,23.482124917193108,7040.0,0.609310984611511,0.597819745540619,0.6204373836517328,100.0,98.71311912,4.87146005078205,5.44784116850762,16.5524951884655,15.6536441256577,17.50077283029,5.819544568902018,5.57172955522196,6.23338709288036,5.954302847933072,6.60908565785964,6.58033821476066,7.21282068040862,7.89111836933692,7.82732527705598,7.08297930345763,14.0,1.6955199411243302,0,0,0,1,0.765
Timor-Leste,62.5490105156859,1990.0,0.45431452989578297,0.43153291940689104,0.472169876098633,85.4956012,56.76669456,13.399417356639097,13.6126212397297,36.831949758996394,36.569303894510895,37.0890757412472,11.756238724067199,11.5984360625575,11.7202157774502,11.572830420116501,11.6336106099585,9.80573443728918,9.88109425704174,4.12973063841667,3.6830461003659294,3.0643519922190396,106.0,3.1373173645663703,0,0,1,0,0.626
Togo,71.97540383503679,920.0,0.431868046522141,0.409653574228287,0.45246288180351296,68.58372009,18.60319806,14.627008705482302,14.8486043126627,40.636334778161505,40.3192531110156,40.956410199145296,13.633549901879,12.2646106959938,12.4742559846036,10.6679845061696,10.8580755856915,8.909890119401359,9.058130739301118,3.93035011860939,3.00356556433892,2.2729501646354704,3.0,3.69876081759825,0,1,0,0,0.513
Tonga,58.6116693782499,5190.0,0.5311206579208371,0.514327526092529,0.545081198215485,98.73108083,92.89333236,11.247703293997299,11.8384243157417,34.7651260702966,33.4798174000341,36.04075306215029,12.1351882655376,10.8328755706249,12.067140480871,10.4066827041464,11.1995312263723,8.807985907222552,9.541811583245119,4.4438983819749005,4.5629820051413885,3.6462271283834906,1.1,1.1078962603428,0,0,0,1,0.7170000000000001
Trinidad and Tobago,29.320805868150398,15420.0,0.603487730026245,0.574239909648895,0.624052822589874,98.87517077,93.91521101,6.13384631017975,6.49905130205356,20.0621941738693,19.5100092584229,20.6287891835408,7.0620467271730005,6.70191265468341,7.0676911543143,6.2363099539337,6.556653404675031,5.9867841658386824,6.26343265112954,6.4530275115168,5.854573505637911,6.46026395656975,1.5,0.37439497221801504,1,0,0,0,0.799
Tunisia,36.3435110300052,3300.0,0.516809940338135,0.5081554651260379,0.524860441684723,97.54330899,97.43445889,8.20916415374229,8.78834320237403,24.290680662436102,23.3598573717502,25.236966177719196,8.907116356399321,6.8997355764631125,7.54150661894583,6.35019317319322,6.970709560820861,6.6328950667906925,7.27053456621266,6.010457361103151,5.796099203651679,5.47346142611051,1.6,1.50623169699819,0,0,1,0,0.7390000000000001
Turkey,35.6934591613959,9050.0,0.649261832237244,0.640502750873566,0.657944321632385,97.01426916,99.2249463,7.51802533886307,8.06206149107296,23.9420575994752,23.115353504215197,24.78994382882649,8.41274013852154,7.75388028300252,8.315142199232039,7.804961072705481,8.37965348600524,7.7764033213449295,8.28431079981627,6.393058912182631,5.56242205536658,4.77817520242338,0.5,1.7102872736366999,0,0,0,1,0.8059999999999999
Turkmenistan,47.7834992791732,0.0,0.0,0.0,0.0,100.0,99.41113393,10.6331508417876,11.298618197493699,30.791782729805004,29.9075371087735,31.703695471338506,11.4698364266446,8.45455255060866,8.93524084720019,7.82464481754166,8.25036793059667,7.458627502019192,7.85243036260949,5.22656778847611,4.6338038130070585,3.82095503669203,10.0,2.3833734744516604,0,0,0,1,0.71
Uganda,88.4947761988474,800.0,0.38417658209800704,0.3712354898452761,0.39628833532333396,55.85504921,19.78963715,16.6315411070365,17.4680569198294,46.015882422527284,44.9627153713884,47.0993239820001,15.794114134071501,13.2461652076442,13.837152928099199,11.2994289874401,11.6931745196579,9.504475022021472,9.41904782137999,2.9372735716254,2.2852769436653997,1.64127265547795,16.0,5.67477665543594,0,1,0,0,0.528
Ukraine,23.8449701193116,3540.0,0.6313871145248411,0.620419085025787,0.6425554156303411,93.92828195,97.74271759,4.37274513219958,5.36708314028995,15.9905178063575,14.459022817940301,17.764431271982,6.29052307173594,4.969227260423692,6.10682505995613,4.08475944661177,5.03898012293055,4.45343327448953,5.43251719821619,7.27212770690911,6.41046494848678,6.81076306603495,9.4,-0.374120952625126,0,0,1,0,0.75
United Arab Emirates,17.6523067651722,39410.0,0.6730118989944461,0.6617884039878851,0.683658003807068,99.96559599999999,99.22957,7.99898233526552,3.7277938853034,14.814079346825302,23.500393411897804,10.9335845785521,3.82616510655029,7.28265507026569,3.3796255866984,6.186111495846009,2.93438793133586,7.48196411913226,7.12734238699633,7.813717526709071,4.9092285955559,3.73403990931417,0.67,1.51740240268717,1,0,0,0,0.866
United Kingdom,27.7641705766713,39700.0,0.7829429507255551,0.7749444842338559,0.79124253988266,99.99999856,99.1069609,5.576374094157719,5.9905138017045,17.6772752194852,17.0631933663078,18.3060253711607,6.28621999936499,5.631240229435541,6.0292915700911776,5.2572315607434,5.60666547116539,5.8292276907925995,6.179262882532459,6.345228869179517,6.801600302184559,6.65541822197358,0.46,0.86500789642149,1,0,0,0,0.92
United States,28.2653893328687,64550.0,0.701764345169067,0.692523181438446,0.710881412029266,99.88352668,99.67961928,5.75377517323621,6.13914621380131,18.37174742144289,17.7805292584803,18.9753495194608,6.25596326856134,6.16683516366264,6.58024003709816,6.22461231143928,6.61492431685987,6.540027110102461,6.9131249886437205,6.0866606585021295,6.30062031669419,6.53417505435873,0.17,0.599210762260319,1,0,0,0,0.92
Uruguay,31.489422214931196,15790.0,0.59876024723053,0.589142382144928,0.608074367046356,99.49575756,98.05452933,6.4419393881332825,7.20940264643075,20.3350289170431,19.2345288575023,21.512319344874893,7.191408633313,6.3473081908063484,7.111508065131179,6.697259816942379,7.47007750533862,6.954975267225912,7.69786264490543,6.49315750838926,5.64851138270287,5.52642617449664,1.9,0.439157786385389,1,0,0,0,0.8079999999999999
Uzbekistan,43.3663149449192,1740.0,0.622805714607239,0.6042977571487429,0.6409625411033629,97.82878485,100.0,9.92570420207007,10.582012800206599,28.8000464187928,27.9493111282836,29.654628476944104,10.0852265070715,8.49499838453696,8.987389169665919,7.388470298106741,7.7632111507045805,8.12441074651683,8.502688939359949,5.32782756674016,4.48850500433673,4.2136339173492985,3.2,1.88841035704427,0,0,1,0,0.71
Vanuatu,66.24609043792711,3190.0,0.454658538103104,0.4355538189411161,0.470412790775299,91.23119075,52.70704482,13.484088208107801,13.9103346393474,38.410197138159496,37.624455301729796,39.17464191662921,12.906416597084,11.7866103261587,12.357890680197801,9.438135481315195,9.98073093968784,8.39957744619041,8.47003661121459,4.2552508189350595,3.83004688804676,2.91797803327124,4.8,2.9092584407357998,0,0,1,0,0.597
"Venezuela, RB",42.0950105861982,0.0,0.0,0.0,0.0,93.68580071,95.75957043,8.03082912330493,8.601207356603531,27.2626753326952,26.2606540123733,28.29806394482289,9.97389905077837,8.98239576455931,9.72295753744102,8.48064540259501,9.11862138478757,7.24450351605157,7.541860053377451,5.8781122425193075,5.526140563286259,4.842497625301291,2.4,-0.23635385633042802,0,0,0,0,0.726
Vietnam,33.6438255459654,2650.0,0.689964532852173,0.671133279800415,0.708236813545227,96.88435687,89.24647713,7.6479356550917,8.569941627944079,23.1940369706856,21.8979010174511,24.493960215113894,8.240540905029219,6.90216514541787,7.6834776821406,6.43414204282454,6.923802241948861,6.8116487272788,7.202281382372298,6.72211598383761,5.98364295145254,5.2061541140963605,8.9,2.8297342577094304,0,0,1,0,0.693
"Yemen, Rep.",66.6799023701351,0.0,0.3727844059467321,0.3528501391410829,0.38825079798698403,60.66356984,54.11663604,13.617088810925601,13.9756745181443,38.8322302005058,38.3466084651269,39.310614952361,13.299620598622901,11.758516309355901,12.0353198355938,10.6349152620471,10.8320973365364,9.75009565243065,9.86447573824533,3.38952085476292,2.42050824010806,1.99323327111475,7.3,3.94085956166852,0,1,0,0,0.463
Zambia,81.7398391837306,1160.0,0.39692753553390503,0.3813837766647341,0.4103184640407561,65.41238357,31.89963255,15.698446818483,16.362605934786803,44.017389076507214,43.19579353406711,44.855073148364404,15.059651723837199,12.9922906599001,13.4328154897404,11.413228171684999,11.6700681071725,9.483339528819787,9.52207435653673,3.2699747753654105,2.31130244229214,1.7005261778362,31.0,4.14160925731098,0,0,1,0,0.591
Zimbabwe,76.0986088449685,1140.0,0.46689310669899003,0.4444805979728701,0.48825860023498496,62.66645761,35.19236284,13.420436738675802,14.8696490839691,41.9111003998944,39.9238596937787,44.0886293166535,15.6445633889405,12.3326629276828,13.5744168437439,10.5803343414941,11.5158608067388,9.081129035350653,9.47745420550732,3.37737820448646,2.5250528411550497,1.91246205236597,14.0,1.5731686168358099,0,0,1,0,0.563
