HealthKey,CountryKey,MonthKey,"Total alcohol consumption per capita, female (liters of pure alcohol, projected estimates, female 15+ years of age)","Total alcohol consumption per capita (liters of pure alcohol, projected estimates, 15+ years of age)","Total alcohol consumption per capita, male (liters of pure alcohol, projected estimates, male 15+ years of age)",Prevalence of anemia among women of reproductive age (% of women ages 15-49),Prevalence of anemia among children (% of children ages 6-59 months),Prevalence of anemia among non-pregnant women (% of women ages 15-49),Adults (ages 15+) living with HIV,AIDS estimated deaths (UNAIDS estimates),Women's share of population ages 15+ living with HIV (%),"Prevalence of HIV, total (% of population ages 15-49)",Children (0-14) living with HIV,"Prevalence of HIV, female (% ages 15-24)","Prevalence of HIV, male (% ages 15-24)",Antiretroviral therapy coverage (% of people living with HIV),Adults (ages 15-49) newly infected with HIV,Children (ages 0-14) newly infected with HIV,"Incidence of HIV, ages 50+ (per 1,000 uninfected population ages 50+)",Adults (ages 15+) and children (ages 0-14) newly infected with HIV,"Incidence of HIV, all (per 1,000 uninfected population)",Young people (ages 15-24) newly infected with HIV,"Incidence of HIV, ages 15-24 (per 1,000 uninfected population ages 15-24)","Incidence of HIV, ages 15-49 (per 1,000 uninfected population ages 15-49)",Children orphaned by HIV/AIDS,Antiretroviral therapy coverage for PMTCT (% of pregnant women living with HIV),Adults (ages 15+) and children (0-14 years) living with HIV,"Immunization, HepB3 (% of one-year-old children)","Immunization, Hib3 (% of children ages 12-23 months)","Immunization, BCG (% of one-year-old children)","Immunization, DPT (% of children ages 12-23 months)","Immunization, measles second dose (% of children by the nationally recommended age)","Immunization, measles (% of children ages 12-23 months)","Immunization, Pol3 (% of one-year-old children)","Incidence of malaria (per 1,000 population at risk)",Number of maternal deaths,Lifetime risk of maternal death (1 in: rate varies by country),Lifetime risk of maternal death (%),Prevalence of anemia among pregnant women (%),Prevalence of syphilis (% of women attending antenatal care),Prevalence of current tobacco use (% of adults),"Prevalence of current tobacco use, females (% of female adults)","Prevalence of current tobacco use, males (% of male adults)",Births attended by skilled health staff (% of total),Low-birthweight babies (% of births),"Prevalence of underweight, weight for age, female (% of children under 5)","Prevalence of underweight, weight for age, male (% of children under 5)","Prevalence of underweight, weight for age (% of children under 5)",Malaria cases reported,"Maternal mortality ratio (modeled estimate, per 100,000 live births)","Maternal mortality ratio (national estimate, per 100,000 live births)","Prevalence of overweight, female (% of female adults)","Prevalence of overweight, male (% of male adults)",Prevalence of overweight (% of adults),"Prevalence of stunting, height for age, female (% of children under 5)","Prevalence of stunting, height for age, male (% of children under 5)","Prevalence of stunting, height for age (% of children under 5)","Prevalence of wasting, weight for height, female (% of children under 5)","Prevalence of wasting, weight for height, male (% of children under 5)","Prevalence of wasting, weight for height (% of children under 5)","Prevalence of severe wasting, weight for height, female (% of children under 5)","Prevalence of severe wasting, weight for height, male (% of children under 5)","Prevalence of severe wasting, weight for height (% of children under 5)",Tuberculosis treatment success rate (% of new cases),"Tuberculosis case detection rate (%, all forms)","Incidence of tuberculosis (per 100,000 people)","Tuberculosis death rate (per 100,000 people)",Newborns protected against tetanus (%),Number of people who are undernourished,Prevalence of undernourishment (% of population),Vitamin A supplementation coverage rate (% of children ages 6-59 months),"Adolescent fertility rate (births per 1,000 women ages 15-19)","Contraceptive prevalence, any method (% of married women ages 15-49)"
0,CAN,12,,,,8.7,10.3,8.6,,,,,,,,,,,,,,,,,,,43000.0,14.0,93.0,,93.0,,94.0,93.0,,39.0,6000.0,0.0165578773158437,14.7,,,,,98.8,5.969686,,,,,11.0,8.0,52.8,64.4,58.6,,,,,,,,,,70.0,87.0,5.5,0.41,,,2.5,,14.0642,
1,CAN,25,,,,8.7,10.3,8.5,,,,,,,,,,,,,,,,,,,45000.0,14.0,95.0,,95.0,,93.0,95.0,,40.0,5900.0,0.0168764994384076,14.6,,,,,98.8,6.013186,,,,,11.0,7.0,53.4,65.0,59.2,,,,,,,,,,60.0,87.0,5.4,0.39,,,2.5,,13.8706,85.0
2,CAN,38,,,,8.7,10.3,8.5,,,,,,,,,,,,,,,,,,,46000.0,14.0,93.0,,94.0,,94.0,99.0,,41.0,5800.0,0.0173712602182757,14.6,,28.1,21.6,34.7,98.8,6.0473971,,,,,11.0,7.0,53.9,65.5,59.7,,,,,,,,,,67.0,87.0,5.3,0.39,,,2.5,,13.677,
3,CAN,51,,,,8.7,10.3,8.5,,,,,,,,,,,,,,,,,,,48000.0,28.0,92.0,,92.0,,93.0,96.0,,44.0,5400.0,0.0183517690895026,14.6,,,,,98.7,6.075621099999998,,,,,12.0,9.0,54.4,66.0,60.2,,,,,,,,,,79.0,87.0,5.4,0.4,,,2.5,,13.2404,
4,CAN,64,,,,8.7,10.4,8.5,,,,,,,,,,,,,,,,,,,49000.0,42.0,91.0,,91.0,,91.0,93.0,,44.0,5400.0,0.0186323361070233,14.6,,,,,98.6,6.101151899999992,,,,,12.0,8.0,54.9,66.5,60.7,,,,,,,,,,77.0,87.0,5.3,0.25,,,2.5,,12.8038,
5,CAN,77,4.61,10.1,15.76,8.7,10.4,8.5,,,,,,,,,,,,,,,,,,,50000.0,56.0,90.0,,89.0,,90.0,90.0,,42.0,5600.0,0.0177306678198991,14.6,,24.7,18.5,30.9,98.5,6.127296399999992,,,,,11.0,6.0,55.5,67.0,61.2,,,,,,,,,,78.0,87.0,4.6,0.27,,,2.5,,12.3672,
6,CAN,90,,,,8.8,10.5,8.6,,,,,,,,,,,,,,,,,,,52000.0,70.0,89.0,,87.0,,88.0,87.0,,43.0,5600.0,0.0177385124122336,14.6,,,,,98.4,6.1573453,,,,,11.0,4.0,56.0,67.5,61.7,,,,,,,,,,66.0,87.0,4.8,0.29,,,2.5,,11.9306,
7,CAN,103,,,,8.8,10.7,8.7,,,,,,,,,,,,,,,,,,,53000.0,70.0,90.0,,91.0,83.0,89.0,91.0,,44.0,5500.0,0.018187851898849,14.7,,22.6,16.8,28.5,98.1,6.194603899999992,,,,,11.0,5.0,56.5,67.9,62.2,,,,,,,,,,79.0,87.0,5.4,0.27,,,2.5,,11.494000000000002,
8,CAN,116,,,,9.0,10.9,8.8,,,,,,,,,,,,,,,,,,,54000.0,55.0,91.0,,91.0,86.0,90.0,91.0,,42.0,5700.0,0.0176028420146647,14.8,,,,,98.0,6.2423706,,,,,11.0,6.0,57.0,68.4,62.7,,,,,,,,,,82.0,87.0,5.3,0.3,,,2.5,,10.8726,
9,CAN,129,,,,9.1,11.2,8.9,,,,,,,,72.0,,,,,,,,,,,55000.0,55.0,91.0,,91.0,86.0,90.0,91.0,,41.0,5800.0,0.0172353029589476,15.0,,20.7,15.1,26.3,97.9,6.30393839999999,,,,,11.0,5.0,57.5,68.9,63.2,,,,,,,,,,82.0,87.0,5.1,0.3,,,2.5,,10.2512,
10,CAN,142,4.04,8.88,13.87,9.3,11.5,9.1,,,,,,,,,,,,,,,,,,,57000.0,69.0,91.0,,91.0,86.0,89.0,91.0,,41.0,5900.0,0.0169381170217059,15.2,,,,,97.9,6.3826098,,,,,11.0,6.0,58.0,69.3,63.7,,,,,,,,,,84.0,87.0,5.2,0.34,,,2.5,,9.6298,
11,CAN,155,,,,9.5,11.8,9.3,,,,,,,,73.0,,,,,,,,,,,58000.0,70.0,91.0,,91.0,86.0,89.0,91.0,,40.0,6000.0,0.0166052463064275,15.4,,19.1,13.7,24.5,97.8,,,,,,10.0,,58.5,69.8,64.1,,,,,,,,,,78.0,87.0,5.5,0.28,,,2.5,,9.0084,
12,CAN,168,,,,9.7,12.2,9.5,,,,,,,,,,,,,,,,,,,60000.0,71.0,91.0,,91.0,87.0,90.0,91.0,,40.0,6100.0,0.0164384935459747,15.5,,,,,97.9,,,,,,10.0,,,,,,,,,,,,,,80.0,87.0,5.6,0.28,,,2.5,,8.387,
13,CAN,181,4.07,8.94,13.95,10.0,12.7,9.8,,,,,,,,74.0,,,,,,,,,,,62000.0,71.0,91.0,,91.0,87.0,90.0,91.0,,,,,15.7,,17.5,12.4,22.7,98.0,,,,,,,,,,,,,,,,,,,,78.0,87.0,5.6,0.27,,,2.5,,8.0346,
14,CAN,194,,,,10.4,13.2,10.2,,,,,,,,,,,,,,,,,,,,74.0,91.0,,91.0,87.0,90.0,91.0,,,,,16.0,,,,,,,,,,,,,,,,,,,,,,,,,79.0,87.0,5.9,0.21,,,2.5,,7.6822,
15,CAN,207,,,,,,,,,,,,,,,,,,,,,,,,,,,,,,,,,,,,,,,,,,,,,,,,,,,,,,,,,,,,,,,79.0,5.9,0.21,,,,,,
16,COD,12,0.36,0.86,1.38,51.5,72.8,51.1,470000.0,49000.0,72.4,1.4,100000.0,0.9,0.3,2.0,27000.0,18000.0,0.33,48000.0,0.73,12000.0,0.99,0.94,390000.0,8.0,570000.0,,,72.0,60.0,,61.0,60.0,485.050166380419,16000.0,24.0,4.14448747055035,53.9,,,,,,11.909723,,,,2971.0,627.0,,24.9,13.1,19.3,,,,,,,,,,85.0,54.0,327.0,54.0,67.0,21100000.0,38.4,87.0,128.9988,
17,COD,25,,,,51.0,72.1,50.6,460000.0,48000.0,72.2,1.3,100000.0,0.9,0.3,3.0,26000.0,18000.0,0.3,46000.0,0.68,12000.0,0.92,0.87,410000.0,4.0,560000.0,,,72.0,62.0,,63.0,62.0,484.546161244239,15000.0,25.0,3.9637867040357695,53.7,,,,,,11.773736,,,,2050.0,598.0,,25.5,13.5,19.8,,,,,,,,,,60.0,52.0,327.0,56.0,66.0,21800000.0,38.5,91.0,129.8844,
18,COD,38,,,,50.5,71.3,50.1,460000.0,46000.0,72.0,1.3,100000.0,0.9,0.3,4.0,25000.0,17000.0,0.28,44000.0,0.64,11000.0,0.86,0.81,420000.0,4.0,560000.0,70.0,,80.0,70.0,,68.0,72.0,481.92674313255895,15000.0,26.0,3.83416300266948,53.4,,,,,64.4,11.6405569999999,23.0,28.2,25.6,740858.0,578.0,445.0,26.1,13.9,20.3,43.3,48.3,45.8,8.9,11.9,10.4,3.9,5.7,4.8,86.0,52.0,327.0,66.0,70.0,22600000.0,38.6,79.0,130.77,20.6
19,COD,51,,,,49.8,70.5,49.3,450000.0,45000.0,71.7,1.2,100000.0,0.8,0.3,4.0,25000.0,17000.0,0.27,43000.0,0.6,11000.0,0.81,0.77,430000.0,6.0,550000.0,65.0,,78.0,65.0,,64.0,64.0,471.428416537696,16000.0,27.0,3.74502453715447,53.0,1.98,,,,,11.5219109999999,,,,2270.0,565.0,,26.7,14.3,20.8,,,,,,,,,,86.0,53.0,327.0,65.0,75.0,23400000.0,38.7,85.0,130.4848,
20,COD,64,,,,48.9,69.9,48.4,440000.0,45000.0,71.5,1.2,100000.0,0.8,0.3,6.0,23000.0,16000.0,0.24,41000.0,0.55,10000.0,0.74,0.7,450000.0,6.0,540000.0,72.0,72.0,85.0,72.0,,72.0,78.0,452.17519145193603,16000.0,27.0,3.67206471343507,52.5,1.98,,,,,11.40441,,,,1879694.0,555.0,,27.4,14.7,21.3,,,,,,,,,,88.0,55.0,327.0,54.0,85.0,24200000.0,38.7,89.0,130.1996,
21,COD,77,0.73,1.75,2.81,48.1,69.3,47.5,440000.0,42000.0,71.2,1.1,98000.0,0.7,0.3,8.0,22000.0,15000.0,0.23,39000.0,0.51,10000.0,0.69,0.66,460000.0,6.0,540000.0,60.0,60.0,85.0,60.0,,74.0,76.0,428.30777153278,16000.0,28.0,3.57463672659033,51.9,3.27,,,,74.1,11.298911,21.3,27.1,24.2,2417780.0,542.0,,28.0,15.1,21.8,39.5,47.3,43.4,7.5,9.5,8.5,2.6,3.0,2.8,89.0,54.0,327.0,55.0,77.0,25100000.0,38.8,83.0,129.9144,17.7
22,COD,90,,,,47.2,68.8,46.6,440000.0,40000.0,71.0,1.1,95000.0,0.7,0.3,10.0,21000.0,15000.0,0.21,38000.0,0.47,9700.0,0.64,0.61,460000.0,8.0,530000.0,74.0,74.0,66.0,74.0,,74.0,77.0,399.58543423862506,16000.0,29.0,3.49311723122819,51.3,,,,,,11.205724,,,,4561981.0,532.0,,28.7,15.6,22.4,,,,,,,,,,87.0,50.0,327.0,60.0,70.0,26700000.0,40.0,98.0,129.6292,
23,COD,103,,,,46.4,68.4,45.8,430000.0,39000.0,70.9,1.0,93000.0,0.7,0.3,13.0,21000.0,14000.0,0.2,36000.0,0.44,9300.0,0.6,0.57,470000.0,9.0,530000.0,75.0,75.0,83.0,75.0,,72.0,73.0,362.999914706808,16000.0,29.0,3.42247196650585,50.7,,,,,,11.1105909999999,,,,4791598.0,524.0,,29.3,16.0,23.0,,,,,,,,,,88.0,48.0,327.0,62.0,70.0,28600000.0,41.5,84.0,129.344,
24,COD,116,,,,45.5,68.0,44.9,430000.0,36000.0,70.9,1.0,90000.0,0.7,0.3,15.0,20000.0,12000.0,0.18,33000.0,0.39,8900.0,0.56,0.53,480000.0,22.0,520000.0,68.0,68.0,82.0,68.0,,71.0,66.0,327.622979779762,16000.0,30.0,3.33525017234771,50.0,,,,,,11.019038,21.0,25.7,23.4,6719887.0,514.0,,30.0,16.5,23.5,40.3,45.1,42.7,6.9,9.3,8.1,2.4,3.3,2.9,87.0,48.0,326.0,63.0,75.0,29600000.0,41.5,98.0,128.3192,
25,COD,129,,,,44.8,67.7,44.1,430000.0,34000.0,71.0,0.9,86000.0,0.6,0.3,20.0,19000.0,11000.0,0.17,31000.0,0.35,8600.0,0.52,0.49,480000.0,35.0,510000.0,68.0,68.0,77.0,68.0,,67.0,68.0,308.38634847662104,16000.0,31.0,3.21951686959669,49.3,4.0,,,,80.1,10.924941,,,,10288519.0,500.0,740.0,30.7,17.0,24.1,,,,,,,,,,89.0,48.0,325.0,64.0,82.0,30000000.0,40.7,99.0,127.2944,20.4
26,COD,142,0.85,2.05,3.28,44.1,67.3,43.4,430000.0,32000.0,71.1,0.9,82000.0,0.6,0.3,24.0,18000.0,10000.0,0.16,30000.0,0.33,8200.0,0.48,0.46,490000.0,42.0,510000.0,63.0,63.0,72.0,63.0,,64.0,63.0,308.82532008983895,16000.0,32.0,3.1196147661129303,48.6,1.9,,,,,10.843405,,,,12538805.0,490.0,,31.3,17.4,24.7,,,,,,,,,,89.0,48.0,324.0,64.0,82.0,30600000.0,40.1,94.0,126.2696,
27,COD,155,,,,43.5,66.9,42.9,420000.0,28000.0,71.2,0.9,80000.0,0.6,0.3,31.0,17000.0,9600.0,0.15,28000.0,0.3,7900.0,0.45,0.42,490000.0,46.0,500000.0,57.0,57.0,73.0,57.0,,57.0,57.0,322.77102184019503,16000.0,33.0,3.0285504358993296,48.1,,,,,,,,,,16821130.0,481.0,,32.0,18.0,25.3,,,,,,,,,,89.0,51.0,323.0,62.0,82.0,31500000.0,39.9,44.0,125.2448,
28,COD,168,,,,43.0,66.3,42.4,430000.0,25000.0,71.2,0.8,78000.0,0.5,0.3,43.0,16000.0,9500.0,0.13,27000.0,0.28,7300.0,0.4,0.38,490000.0,42.0,500000.0,57.0,57.0,73.0,57.0,,57.0,59.0,329.128654470372,16000.0,34.0,2.93911777824152,47.5,3.7,,,,,,20.4,25.8,23.1,16793002.0,473.0,,,,,38.2,45.6,41.8,5.8,7.1,6.4,2.0,2.1,2.0,90.0,57.0,322.0,58.0,85.0,32700000.0,40.2,1.0,124.22,
29,COD,181,0.83,2.0,3.2,42.6,65.6,42.1,430000.0,20000.0,71.2,0.8,76000.0,0.5,0.2,51.0,14000.0,9800.0,0.11,25000.0,0.25,6400.0,0.34,0.32,480000.0,35.0,500000.0,57.0,57.0,73.0,57.0,,57.0,59.0,319.841016494106,,,,46.9,3.8,,,,,,,,,16972207.0,,,,,,,,,,,,,,,93.0,63.0,321.0,50.0,85.0,34000000.0,40.4,78.0,122.6056,28.1
30,COD,194,,,,42.4,64.9,41.9,430000.0,17000.0,71.3,0.8,74000.0,0.5,0.2,63.0,12000.0,8700.0,0.09,22000.0,0.21,5600.0,0.29,0.27,460000.0,45.0,510000.0,57.0,57.0,73.0,57.0,,57.0,59.0,,,,,46.5,4.8,,,,,,,,,,,,,,,,,,,,,,,,92.0,64.0,320.0,49.0,85.0,36200000.0,41.7,,120.9912,
31,COD,207,,,,,,,430000.0,17000.0,71.3,0.7,71000.0,0.4,0.2,75.0,10000.0,8800.0,0.07,20000.0,0.18,4600.0,0.23,0.21,440000.0,39.0,510000.0,,,,,,,,,,,,,,,,,,,,,,,,,,,,,,,,,,,,,,70.0,319.0,45.0,,,,,,
32,IND,12,0.79,2.33,3.78,54.2,64.4,54.2,,,,,,,,1.0,,,,,0.14,,,,,,3300000.0,8.0,,86.0,65.0,,68.0,65.0,22.6860580349961,79000.0,110.0,0.921805829580586,53.0,,,,,,,,,,1816569.0,286.0,,16.0,12.4,14.2,,,,,,,,,,87.0,36.0,279.0,49.0,86.0,247800000.0,21.6,49.0,50.799,54.4
33,IND,25,,,,54.1,63.4,54.2,,,,,,,,2.0,,,,,0.13,,,,,,3200000.0,6.0,,86.0,65.0,,69.0,66.0,18.2317540819272,74000.0,120.0,0.8516717079282841,52.8,,,,,46.6,,44.0,43.1,43.5,1785109.0,270.0,,16.5,12.8,14.6,47.8,47.8,47.8,19.2,20.8,20.0,6.3,7.2,6.8,87.0,39.0,274.0,47.0,86.0,228800000.0,19.6,25.0,47.679,56.3
34,IND,38,,,,54.1,62.5,54.2,,,,,,,,4.0,,,,,0.11,,,,,,3000000.0,6.0,,87.0,64.0,,70.0,67.0,17.3443676276643,69000.0,130.0,0.783803408013228,52.6,,38.5,23.7,53.2,,,,,,1508927.0,255.0,279.0,16.9,13.3,15.1,,,,,,,,,,88.0,41.0,268.0,46.0,86.0,207200000.0,17.5,36.0,44.559,
35,IND,51,,,,54.0,61.5,54.1,,,,,,,,8.0,,,,,0.1,,,,,,2900000.0,29.0,,86.0,70.0,,72.0,69.0,17.927624656978,64000.0,140.0,0.71697879191304,52.4,2.26,,,,52.3,,,,,1532497.0,240.0,,17.4,13.7,15.6,,,,,,,,,,88.0,42.0,261.0,44.0,86.0,199000000.0,16.6,57.0,41.2576,54.8
36,IND,64,,,,53.7,60.6,53.8,,,,,,,,11.0,,,,,0.09,,,,,,2800000.0,37.0,,88.0,74.0,,78.0,73.0,18.202751441555602,60000.0,150.0,0.652477820512578,52.1,0.35,,,,,,,,,1563574.0,225.0,,17.9,14.2,16.0,,,,,,,,,,89.0,44.0,254.0,42.0,86.0,199000000.0,16.3,68.0,37.9562,
37,IND,77,1.47,4.35,7.06,53.5,59.7,53.6,,,,,,,,15.0,,,,,0.08,,,,,,2700000.0,38.0,,89.0,79.0,,82.0,76.0,17.5166876311751,55000.0,170.0,0.591636997017842,51.9,0.29,34.8,19.7,49.8,,,,,,1599986.0,210.0,233.0,18.4,14.6,16.5,,,,,,,,,,89.0,44.0,247.0,40.0,87.0,197200000.0,16.0,35.0,34.6548,
38,IND,90,,,,53.4,58.8,53.5,,,,,,,,19.0,,,,,0.08,,,,,,2700000.0,44.0,,90.0,82.0,27.0,84.0,79.0,14.7552984125346,50000.0,190.0,0.537493103630749,51.7,,,,,,,,,,1310656.0,197.0,,18.9,15.1,17.0,,,,,,,,,,89.0,44.0,241.0,39.0,87.0,195000000.0,15.6,58.0,31.3534,
39,IND,103,,,,53.2,58.0,53.3,,,,,,,,24.0,,,,,0.07,,,,,,2600000.0,73.0,,90.0,82.0,36.0,83.0,79.0,11.8540423403431,47000.0,200.0,0.490994455295343,51.4,0.64,32.6,17.5,47.8,,,,,,1067824.0,185.0,,19.4,15.6,17.5,,,,,,,,,,88.0,43.0,234.0,37.0,87.0,189900000.0,15.0,55.0,28.052,
40,IND,116,,,,53.0,57.2,53.1,,,,,,,,31.0,,,,,0.07,,,,,,2500000.0,70.0,20.0,91.0,83.0,51.0,83.0,82.0,9.15748986795269,44000.0,220.0,0.452158124117317,51.2,0.1,,,,,,,,,881730.0,175.0,196.0,19.9,16.2,18.0,,,,,,,,,,88.0,43.0,228.0,36.0,87.0,193200000.0,15.1,54.0,25.077,
41,IND,129,,,,52.9,56.4,53.0,,,,,,,,34.0,,,,,0.06,,,,,,2500000.0,79.0,20.0,89.0,85.0,60.0,85.0,84.0,9.1994959802275,41000.0,240.0,0.417570710009899,50.9,0.2,30.6,15.5,45.7,81.4,,28.7,30.0,29.4,1102205.0,166.0,184.0,20.5,16.7,18.6,37.9,39.5,38.7,14.5,15.6,15.1,4.4,4.8,4.6,74.0,56.0,223.0,35.0,87.0,193300000.0,14.9,61.0,22.102,
42,IND,142,1.88,5.54,8.99,52.7,55.7,52.8,,,,,,,,38.0,,,,,0.06,,,,,,2400000.0,87.0,45.0,87.0,87.0,69.0,87.0,86.0,9.669678025940948,38000.0,260.0,0.38945010375612,50.6,0.2,,,,,,35.6,36.9,36.3,1169261.0,158.0,,21.0,17.2,19.1,37.5,38.3,37.9,19.8,21.7,20.8,7.1,8.2,7.7,72.0,59.0,217.0,34.0,87.0,192300000.0,14.7,53.0,19.127,
43,IND,155,,,,52.6,55.0,52.8,,,,,,,,44.0,,,,,0.05,,,,,,2400000.0,88.0,80.0,89.0,88.0,76.0,88.0,86.0,9.99096906851203,37000.0,270.0,0.36466998046147103,50.4,0.09,28.8,13.7,43.9,81.4,,,,,1087285.0,150.0,,21.6,17.8,19.7,,,,,,,,,,69.0,63.0,211.0,34.0,87.0,187600000.0,14.2,71.0,16.152,53.5
44,IND,168,,,,52.8,54.5,52.9,,,,,,,,51.0,,,,,0.05,,,,,,2400000.0,89.0,89.0,92.0,89.0,80.0,90.0,89.0,7.472873162193201,35000.0,290.0,0.3467163284938531,50.4,0.1,,,,,,34.4,32.5,33.4,844558.0,145.0,143.0,,,,34.0,35.4,34.7,16.3,18.3,17.3,4.8,5.1,4.9,81.0,60.0,204.0,33.0,90.0,184900000.0,13.8,,13.177,
45,IND,181,1.88,5.54,8.99,52.9,53.9,53.0,,,,,,,,55.0,,,,,0.05,,,,,,2400000.0,90.0,90.0,92.0,90.0,82.0,93.0,90.0,5.33043223195028,,,,50.2,0.1,27.0,12.1,42.0,,,,,,429928.0,,,,,,,,,,,,,,,82.0,71.0,199.0,32.0,90.0,189900000.0,14.0,56.0,12.0708,
46,IND,194,,,,53.0,53.4,53.1,,,,,,,,63.0,,,,,0.04,,,,,,2300000.0,91.0,91.0,92.0,91.0,84.0,95.0,90.0,,,,,50.1,0.1,,,,,,,,,,,,,,,,,,,,,,,,84.0,82.0,193.0,32.0,90.0,208600000.0,15.3,,10.9646,
47,IND,207,,,,,,,,,,,,,,64.0,,,,,0.04,,,,,,2300000.0,,,,,,,,,,,,,,,,,,,,,,,,,,,,,,,,,,,,,,63.0,188.0,36.0,,,,,,
48,KEN,12,1.18,3.01,4.91,34.3,46.9,33.2,1200000.0,110000.0,62.7,6.8,230000.0,3.8,1.3,4.0,59000.0,31000.0,1.24,94000.0,3.0,30000.0,4.31,4.02,1100000.0,22.0,1400000.0,76.0,76.0,85.0,76.0,,69.0,70.0,127.308125945037,8700.0,34.0,2.95788757463242,44.5,,,,,,12.24619,16.3,19.7,18.0,0.0,618.0,,26.0,12.5,19.5,36.2,44.5,40.3,6.2,7.7,6.9,2.0,2.8,2.4,81.0,45.0,630.0,77.0,73.0,10400000.0,28.5,69.0,99.9352,
49,KEN,25,,,,33.2,45.3,32.1,1200000.0,100000.0,62.6,6.4,220000.0,3.6,1.3,9.0,58000.0,28000.0,1.18,90000.0,2.79,29000.0,4.11,3.84,1100000.0,41.0,1400000.0,80.0,80.0,92.0,80.0,,77.0,77.0,100.052673323216,8300.0,36.0,2.77944497600631,43.8,,,,,,12.18654,,,,0.0,583.0,,26.7,12.8,20.0,,,,,,,,,,83.0,45.0,646.0,78.0,74.0,9800000.0,26.1,52.0,98.5136,
50,KEN,38,,,,32.1,43.7,30.9,1200000.0,86000.0,62.4,6.2,220000.0,3.5,1.3,13.0,56000.0,26000.0,1.1,85000.0,2.57,28000.0,3.84,3.59,1200000.0,62.0,1400000.0,81.0,81.0,92.0,81.0,,80.0,76.0,78.0197423991887,7900.0,38.0,2.60044345863232,43.1,,15.6,4.0,27.1,,12.115416,,,,0.0,545.0,,27.4,13.1,20.5,,,,,,,,,,83.0,45.0,618.0,81.0,74.0,10400000.0,26.9,15.0,97.092,
51,KEN,51,,,,31.0,42.0,29.8,1200000.0,74000.0,62.2,6.0,200000.0,3.4,1.3,18.0,56000.0,18000.0,1.06,77000.0,2.26,27000.0,3.7,3.45,1200000.0,83.0,1400000.0,88.0,88.0,98.0,88.0,,90.0,88.0,67.6750623944762,7500.0,41.0,2.43283960474894,42.4,1.88,,,,,12.043049,15.7,17.2,16.5,839903.0,513.0,,28.2,13.4,21.0,33.4,37.4,35.5,5.8,8.1,6.9,1.9,2.4,2.1,84.0,45.0,564.0,78.0,78.0,10600000.0,26.6,27.0,94.9042,
52,KEN,64,,,,30.1,40.7,28.9,1200000.0,62000.0,62.0,5.9,190000.0,3.3,1.4,25.0,55000.0,17000.0,1.01,75000.0,2.15,26000.0,3.51,3.27,1200000.0,85.0,1400000.0,88.0,88.0,99.0,88.0,,88.0,89.0,67.9407051983387,6900.0,45.0,2.21745886675819,41.8,,,,,43.8,11.955961,,,,0.0,472.0,724.0,28.9,13.7,21.5,,,,,,,,,,84.0,45.0,566.0,80.0,78.0,9900000.0,24.1,51.0,92.7164,45.5
53,KEN,77,1.27,3.29,5.37,29.3,39.9,28.1,1200000.0,53000.0,61.8,5.7,180000.0,3.3,1.5,31.0,53000.0,15000.0,0.95,71000.0,1.96,25000.0,3.3,3.06,1100000.0,55.0,1400000.0,90.0,90.0,99.0,90.0,,86.0,90.0,67.7103660744612,6400.0,50.0,2.00088770030527,41.3,1.79,14.4,3.6,25.1,,11.8744049999999,,,,898531.0,432.0,,29.6,14.0,22.1,,,,,,,,,,86.0,45.0,531.0,79.0,78.0,10200000.0,24.2,62.0,90.5286,
54,KEN,90,,,,28.7,39.4,27.6,1200000.0,46000.0,61.7,5.6,170000.0,3.2,1.5,39.0,49000.0,11000.0,0.86,63000.0,1.72,24000.0,3.03,2.79,1100000.0,76.0,1400000.0,96.0,96.0,99.0,96.0,,87.0,97.0,67.8643447271046,5900.0,55.0,1.80929928766685,40.9,1.58,,,,,11.7890669999999,9.9,15.1,12.7,1002805.0,398.0,,30.4,14.3,22.6,26.0,27.4,26.3,5.5,6.9,6.3,2.0,2.1,2.1,87.0,45.0,506.0,77.0,73.0,10300000.0,23.9,37.0,88.3408,
55,KEN,103,,,,28.4,39.3,27.2,1200000.0,40000.0,61.9,5.5,160000.0,3.2,1.5,43.0,46000.0,12000.0,0.78,61000.0,1.62,22000.0,2.77,2.54,1100000.0,62.0,1400000.0,94.0,94.0,97.0,94.0,,93.0,94.0,73.3558982496385,5500.0,60.0,1.65887072149755,40.7,1.34,13.7,3.4,24.0,,11.6989699999999,,,,1453471.0,373.0,,31.2,14.7,23.2,,,,,,,,,,86.0,45.0,471.0,74.0,73.0,11000000.0,24.9,66.0,86.15299999999998,
56,KEN,116,,,,28.2,39.3,27.1,1300000.0,37000.0,62.2,5.3,150000.0,3.1,1.5,47.0,45000.0,12000.0,0.73,59000.0,1.51,21000.0,2.59,2.36,1000000.0,64.0,1400000.0,93.0,93.0,92.0,87.0,,94.0,94.0,82.4837687779605,5400.0,64.0,1.5713190527399798,40.6,1.2,,,,,11.615205,,,,2375129.0,364.0,,31.9,15.0,23.7,,,,,,,,,,86.0,45.0,443.0,70.0,73.0,10100000.0,22.1,19.0,83.93799999999997,
57,KEN,129,,,,28.1,39.7,27.0,1300000.0,35000.0,62.6,5.2,140000.0,3.0,1.5,54.0,42000.0,10000.0,0.67,54000.0,1.37,20000.0,2.4,2.17,990000.0,75.0,1400000.0,92.0,92.0,94.0,92.0,,95.0,93.0,83.866182364679,5300.0,67.0,1.49706223835255,40.5,1.4,13.0,3.2,22.9,61.8,11.538722,10.0,12.4,11.2,2851555.0,358.0,377.0,32.7,15.4,24.3,22.4,29.9,26.2,3.9,4.5,4.2,0.9,1.1,1.0,87.0,45.0,423.0,69.0,76.0,9800000.0,20.9,28.0,81.723,58.0
58,KEN,142,1.07,2.77,4.53,28.1,40.1,27.1,1300000.0,33000.0,62.9,5.0,130000.0,2.9,1.5,63.0,39000.0,6800.0,0.6,48000.0,1.18,18000.0,2.17,1.96,960000.0,96.0,1400000.0,89.0,89.0,87.0,89.0,28.0,96.0,83.0,72.1657240448546,5200.0,70.0,1.43086649337299,40.5,1.2,,,,,11.466808,,,,1581168.0,353.0,,33.5,15.7,24.9,,,,,,,,,,87.0,45.0,380.0,64.0,80.0,10300000.0,21.5,37.0,79.508,64.7
59,KEN,155,,,,28.1,40.6,27.2,1300000.0,28000.0,63.2,4.9,120000.0,2.8,1.5,72.0,35000.0,6400.0,0.52,43000.0,1.03,16000.0,1.87,1.69,910000.0,98.0,1400000.0,89.0,90.0,99.0,89.0,32.0,96.0,88.0,70.37735478633691,5100.0,73.0,1.36263594532044,40.4,1.24,12.4,3.0,21.8,,,,,,2931406.0,346.0,,34.3,16.1,25.5,,,,,,,,,,81.0,45.0,348.0,60.0,80.0,11400000.0,23.2,41.0,77.293,61.6
60,KEN,168,,,,28.2,41.4,27.3,1300000.0,25000.0,63.5,4.7,110000.0,2.6,1.4,78.0,31000.0,6600.0,0.45,40000.0,0.93,14000.0,1.63,1.48,850000.0,89.0,1400000.0,82.0,82.0,89.0,82.0,35.0,89.0,81.0,70.0976437295955,5000.0,76.0,1.31223804178557,40.4,1.4,,,,,,,,,3419883.0,342.0,,,,,,,,,,,,,,83.0,52.0,319.0,50.0,88.0,12400000.0,24.6,44.0,75.078,60.6
61,KEN,181,1.07,2.78,4.55,28.4,42.0,27.5,1300000.0,22000.0,63.8,4.5,98000.0,2.4,1.3,77.0,28000.0,5400.0,0.38,35000.0,0.8,13000.0,1.4,1.29,800000.0,95.0,1400000.0,92.0,92.0,95.0,92.0,45.0,89.0,92.0,70.0976425191424,,,,40.3,0.9,11.8,2.8,20.8,,,,,,1852509.0,,,,,,,,,,,,,,,84.0,63.0,292.0,38.0,88.0,12500000.0,24.4,59.0,74.044,62.8
62,KEN,194,,,,28.7,42.8,27.9,1300000.0,20000.0,64.1,4.4,90000.0,2.3,1.3,81.0,28000.0,5500.0,0.36,35000.0,0.77,12000.0,1.34,1.23,740000.0,94.0,1400000.0,92.0,92.0,95.0,92.0,45.0,89.0,87.0,,,,,40.3,0.3,,,,,,,,,,,,,,,,,,,,,,,,86.0,60.0,267.0,37.0,88.0,13000000.0,24.8,,73.01,59.7
63,KEN,207,,,,,,,1400000.0,19000.0,64.3,4.2,82000.0,2.1,1.2,86.0,27000.0,5200.0,0.34,33000.0,0.72,12000.0,1.25,1.15,690000.0,94.0,1400000.0,,,,,,,,,,,,,,,,,,,,,,,,,,,,,,,,,,,,,,51.0,259.0,39.0,,,,,,
64,MAR,12,0.26,0.96,1.69,33.2,34.0,33.1,14000.0,710.0,47.4,0.1,650.0,0.1,0.1,8.0,1400.0,200.0,0.02,1700.0,0.06,500.0,0.04,0.09,5100.0,3.0,14000.0,96.0,,95.0,98.0,92.0,97.0,98.0,0.0,850.0,290.0,0.34492200760541,35.6,,,,,,18.2099699999999,,,,0.0,131.0,,56.7,47.5,52.4,,,,,,,,,,83.0,87.0,99.0,8.0,89.0,1700000.0,5.5,,34.0246,
65,MAR,25,,,,32.7,33.7,32.6,15000.0,760.0,47.6,0.1,680.0,0.1,0.1,9.0,1400.0,200.0,0.02,1700.0,0.05,500.0,0.04,0.09,5500.0,6.0,15000.0,95.0,,95.0,97.0,92.0,95.0,97.0,0.0,790.0,310.0,0.318083525071718,35.3,,,,,,18.128332,,,,0.0,121.0,,57.4,48.2,53.1,,,,,,,,,,88.0,87.0,97.0,7.9,87.0,1700000.0,5.6,,33.3688,
66,MAR,38,,,,32.1,33.3,32.0,15000.0,810.0,47.6,0.1,710.0,0.1,0.1,10.0,1400.0,200.0,0.02,1700.0,0.05,500.0,0.04,0.09,5900.0,8.0,16000.0,95.0,91.0,96.0,95.0,92.0,95.0,95.0,0.0,740.0,340.0,0.29576264669435304,35.0,,19.4,1.5,37.4,,18.039625,,,,0.0,113.0,,58.0,49.0,53.8,,,,,,,,,,88.0,87.0,94.0,7.7,88.0,1700000.0,5.5,,32.713,
67,MAR,51,,,,31.5,32.8,31.4,16000.0,850.0,47.6,0.1,740.0,0.1,0.1,13.0,1400.0,200.0,0.02,1600.0,0.05,500.0,0.04,0.08,6300.0,12.0,17000.0,97.0,99.0,99.0,99.0,,96.0,99.0,0.0,710.0,360.0,0.278812482810339,34.6,1.09,,,,,17.9415699999999,,,,0.0,106.0,,58.7,49.8,54.5,,,,,,,,,,88.0,87.0,98.0,8.0,90.0,1800000.0,5.6,,32.894,
68,MAR,64,,,,31.0,32.3,30.8,17000.0,820.0,47.4,0.1,760.0,0.1,0.1,15.0,1300.0,200.0,0.02,1600.0,0.05,500.0,0.04,0.08,6700.0,17.0,17000.0,98.0,99.0,99.0,99.0,,98.0,99.0,0.0,670.0,380.0,0.260903457522978,34.2,,,,,,17.857592,,,,0.0,99.0,,59.4,50.6,55.2,,,,,,,,,,87.0,87.0,99.0,8.1,87.0,1800000.0,5.6,,33.075,
69,MAR,77,0.24,0.9,1.59,30.5,31.8,30.3,17000.0,840.0,47.2,0.1,780.0,0.1,0.1,17.0,1300.0,200.0,0.02,1500.0,0.05,500.0,0.03,0.07,7100.0,23.0,18000.0,98.0,99.0,99.0,99.0,,98.0,99.0,0.0,630.0,410.0,0.243945843053156,33.9,0.6,18.0,1.3,34.8,74.1,17.749976999999994,,,,0.0,92.0,129.0,60.1,51.4,56.0,,,,,,,,,,88.0,87.0,101.0,8.1,89.0,1800000.0,5.5,,33.256,
70,MAR,90,,,,30.1,31.3,29.9,18000.0,860.0,46.9,0.1,800.0,0.1,0.1,21.0,1200.0,200.0,0.01,1500.0,0.05,500.0,0.03,0.07,7400.0,23.0,19000.0,98.0,99.0,99.0,99.0,,99.0,98.0,0.0,600.0,440.0,0.22894287064132,33.6,,,,,73.6,17.636122,3.2,2.7,2.9,0.0,86.0,88.0,60.7,52.3,56.7,13.9,15.9,14.9,1.8,2.8,2.3,0.9,1.1,1.0,81.0,87.0,100.0,8.1,89.0,1700000.0,5.3,,33.437,67.4
71,MAR,103,,,,29.8,30.9,29.6,18000.0,820.0,46.5,0.1,810.0,0.1,0.1,27.0,1200.0,200.0,0.01,1400.0,0.04,200.0,0.03,0.07,7800.0,36.0,19000.0,99.0,99.0,99.0,99.0,,99.0,99.0,0.0,570.0,460.0,0.217617416894061,33.4,0.9,17.1,1.1,33.1,,17.539501,,,,0.0,81.0,,61.4,53.1,57.5,,,,,,,,,,89.0,87.0,99.0,8.1,89.0,1600000.0,4.9,,33.618,
72,MAR,116,,,,29.6,30.6,29.4,19000.0,730.0,46.2,0.1,820.0,0.1,0.1,32.0,1100.0,200.0,0.01,1300.0,0.04,200.0,0.03,0.06,8100.0,33.0,20000.0,99.0,99.0,99.0,99.0,,99.0,99.0,0.0,550.0,480.0,0.209224568417255,33.2,,,,,,17.4468989999999,,,,0.0,78.0,,62.1,53.9,58.2,,,,,,,,,,89.0,87.0,99.0,8.0,89.0,1500000.0,4.4,,33.1012,
73,MAR,129,,,,29.5,30.3,29.3,19000.0,670.0,45.9,0.1,830.0,0.1,0.1,37.0,1000.0,200.0,0.01,1200.0,0.04,200.0,0.02,0.06,8400.0,38.0,20000.0,99.0,99.0,99.0,99.0,54.0,99.0,99.0,0.0,540.0,500.0,0.20165362267199494,33.1,,16.4,1.0,31.7,,17.361732,,,,0.0,76.0,,62.7,54.7,58.9,,,,,,,,,,86.0,87.0,101.0,8.1,88.0,1400000.0,4.1,,32.5844,
74,MAR,142,0.19,0.7,1.24,29.5,30.1,29.3,20000.0,650.0,45.6,0.1,860.0,0.1,0.1,44.0,1000.0,200.0,0.01,1100.0,0.03,200.0,0.02,0.05,8600.0,33.0,20000.0,99.0,99.0,99.0,99.0,95.0,99.0,99.0,0.0,520.0,520.0,0.193252311353293,33.0,,,,,,17.2846699999999,,,,0.0,74.0,,63.4,55.6,59.7,,,,,,,,,,88.0,87.0,102.0,8.2,88.0,1300000.0,3.8,,32.0676,
75,MAR,155,,,,29.5,30.1,29.3,20000.0,620.0,45.4,0.1,870.0,0.1,0.1,51.0,1000.0,200.0,0.01,1000.0,0.03,200.0,0.02,0.05,8800.0,42.0,21000.0,99.0,99.0,99.0,99.0,99.0,99.0,99.0,0.0,500.0,540.0,0.18540617846515905,32.9,,15.5,0.9,30.1,,,,,,0.0,72.0,,64.0,56.4,60.4,,,,,,,,,,87.0,87.0,103.0,8.4,88.0,1300000.0,3.8,89.0,31.5508,
76,MAR,168,,,,29.6,30.1,29.4,20000.0,560.0,45.2,0.1,880.0,0.1,0.1,55.0,1000.0,200.0,0.01,950.0,0.03,200.0,0.02,0.04,8900.0,42.0,21000.0,99.0,99.0,99.0,99.0,99.0,99.0,99.0,0.0,480.0,560.0,0.178386226114413,32.8,1.3,,,,,,2.5,2.6,2.6,0.0,70.0,,,,,12.6,17.4,15.1,2.8,2.4,2.6,1.3,0.9,1.1,88.0,87.0,100.0,8.1,88.0,1300000.0,3.7,99.0,31.034,
77,MAR,181,0.18,0.69,1.22,29.7,30.2,29.6,20000.0,530.0,44.9,0.1,880.0,0.1,0.1,64.0,1000.0,100.0,0.01,880.0,0.02,100.0,0.02,0.04,9000.0,46.0,21000.0,99.0,99.0,99.0,99.0,99.0,99.0,99.0,0.0,,,,32.7,0.9,14.7,0.9,28.6,86.6,,,,,0.0,,,,,,,,,,,,,,,88.0,87.0,99.0,8.0,88.0,1300000.0,3.7,,30.681,70.8
78,MAR,194,,,,29.9,30.4,29.8,21000.0,500.0,44.5,0.1,860.0,0.1,0.1,70.0,1000.0,100.0,0.01,780.0,0.02,100.0,0.01,0.04,9000.0,57.0,22000.0,99.0,99.0,99.0,99.0,99.0,99.0,99.0,,,,,32.6,0.3,,,,,,,,,,,,,,,,,,,,,,,,89.0,87.0,97.0,7.9,90.0,1500000.0,4.2,,30.328000000000007,
79,MAR,207,,,,,,,21000.0,500.0,44.1,0.1,860.0,0.1,0.1,76.0,1000.0,100.0,0.01,720.0,0.02,100.0,0.01,0.03,8900.0,54.0,22000.0,,,,,,,,,,,,,,,,,,,,,,,,,,,,,,,,,,,,,,80.0,98.0,10.0,,,,,,
80,MEX,12,2.78,6.48,10.31,19.8,28.0,19.5,190000.0,6300.0,18.3,0.3,1900.0,0.1,0.1,17.0,14000.0,500.0,0.06,15000.0,0.15,3300.0,0.16,0.25,100000.0,18.0,190000.0,98.0,98.0,99.0,98.0,97.0,96.0,98.0,1.31999604935459,1200.0,680.0,0.147464017530559,25.0,,,,,,7.966762499999992,,,,2967.0,54.0,53.0,60.8,56.7,58.9,,,,,,,,,,74.0,80.0,22.0,2.7,86.0,4700000.0,4.4,,72.633,73.7
81,MEX,25,,,,19.1,27.5,18.9,190000.0,6700.0,18.3,0.3,2200.0,0.1,0.1,20.0,14000.0,700.0,0.06,15000.0,0.14,3200.0,0.16,0.24,110000.0,10.0,200000.0,98.0,98.0,99.0,98.0,91.0,96.0,98.0,1.10229073904779,1200.0,720.0,0.138527177081453,24.5,,,,,93.4,7.9384660999999985,2.6,4.3,3.4,2514.0,51.0,50.0,61.3,57.3,59.5,14.9,16.0,15.5,1.5,2.5,2.0,0.3,0.6,0.4,77.0,80.0,21.0,2.5,87.0,4400000.0,4.1,,71.464,70.9
82,MEX,38,,,,18.5,26.9,18.2,200000.0,6400.0,18.3,0.3,2400.0,0.1,0.1,23.0,13000.0,620.0,0.06,15000.0,0.14,3200.0,0.16,0.23,110000.0,14.0,200000.0,98.0,98.0,99.0,98.0,85.0,96.0,98.0,1.01993605635957,1100.0,770.0,0.13037969486553802,24.0,,19.4,9.8,29.0,93.7,7.8895159,,,,2361.0,49.0,47.0,61.8,58.0,60.1,,,,,,,,,,80.0,80.0,21.0,2.2,87.0,4500000.0,4.1,,70.295,
83,MEX,51,,,,17.9,26.3,17.6,210000.0,6300.0,18.3,0.3,2400.0,0.1,0.1,25.0,13000.0,550.0,0.06,15000.0,0.14,3200.0,0.15,0.23,120000.0,20.0,210000.0,97.0,96.0,99.0,96.0,94.0,96.0,96.0,1.00309525319324,1100.0,790.0,0.12731441529065302,23.4,,,,,,7.862692799999992,,,,2357.0,49.0,48.0,62.3,58.7,60.6,,,,,,,,,,81.0,80.0,21.0,2.4,87.0,4900000.0,4.5,,69.43,
84,MEX,64,,,,17.3,25.7,17.0,220000.0,6300.0,18.3,0.3,2500.0,0.1,0.1,27.0,14000.0,500.0,0.06,15000.0,0.14,3200.0,0.16,0.23,120000.0,27.0,220000.0,95.0,95.0,99.0,95.0,92.0,96.0,95.0,1.13348351395824,1200.0,770.0,0.130427343514169,22.8,0.27,,,,95.3,7.881271799999999,,,,2703.0,51.0,52.0,62.8,59.3,61.2,,,,,,,,,,83.0,80.0,21.0,2.2,87.0,5400000.0,4.8,,68.565,72.5
85,MEX,77,2.22,5.21,8.29,16.8,25.1,16.5,230000.0,6400.0,18.3,0.3,2500.0,0.1,0.1,28.0,14000.0,500.0,0.06,16000.0,0.14,3400.0,0.16,0.24,130000.0,32.0,230000.0,93.0,95.0,98.0,95.0,91.0,95.0,95.0,0.506773444575478,1100.0,860.0,0.11619316641597198,22.3,,17.7,8.7,26.7,94.08,7.926344900000001,,,,1226.0,46.0,43.0,63.3,60.0,61.7,,,,,,,,,,82.0,80.0,22.0,2.3,88.0,5700000.0,5.0,,67.7,
86,MEX,90,,,,16.3,24.5,16.0,240000.0,6500.0,18.3,0.3,2500.0,0.1,0.1,30.0,16000.0,500.0,0.06,17000.0,0.15,3700.0,0.17,0.26,130000.0,35.0,240000.0,98.0,97.0,99.0,97.0,97.0,98.0,97.0,0.4581759542411029,980.0,940.0,0.106772922923531,21.9,0.11,,,,,7.959645299999999,,,,1124.0,43.0,42.0,63.7,60.6,62.3,,,,,,,,,,82.0,80.0,21.0,2.3,88.0,5700000.0,4.9,,66.835,
87,MEX,103,,,,15.9,23.9,15.6,250000.0,6400.0,18.3,0.3,2500.0,0.1,0.1,34.0,17000.0,500.0,0.07,18000.0,0.16,4000.0,0.18,0.27,140000.0,50.0,250000.0,99.0,99.0,99.0,99.0,92.0,99.0,99.0,0.334984664297511,940.0,990.0,0.100991495226933,21.4,0.2,16.7,8.1,25.2,99.6,7.95157049999999,2.8,2.9,2.8,833.0,41.0,41.0,64.2,61.2,62.8,12.1,15.2,13.6,1.4,1.8,1.6,0.4,0.5,0.4,80.0,80.0,22.0,2.1,88.0,5600000.0,4.8,,65.97,
88,MEX,116,,,,15.6,23.4,15.3,260000.0,5800.0,18.5,0.3,2500.0,0.1,0.1,34.0,18000.0,500.0,0.07,20000.0,0.17,4200.0,0.19,0.29,140000.0,78.0,260000.0,82.0,83.0,91.0,83.0,76.0,89.0,83.0,0.196458897821926,880.0,1100.0,0.0932143825792001,21.1,,,,,,7.9232655,,,,495.0,39.0,37.0,64.6,61.8,63.3,,,,,,,,,,80.0,80.0,22.0,2.1,88.0,5100000.0,4.3,,64.84899999999999,
89,MEX,129,,,,15.3,22.9,15.1,270000.0,6000.0,18.7,0.3,2400.0,0.1,0.1,36.0,17000.0,500.0,0.07,19000.0,0.16,4100.0,0.19,0.27,140000.0,81.0,270000.0,84.0,87.0,96.0,87.0,95.0,97.0,87.0,0.25705228427788296,870.0,1100.0,0.0906085739861323,20.8,0.4,15.7,7.5,23.8,95.6,7.895220799999992,,,,656.0,38.0,38.0,65.1,62.4,63.9,,,,,,,,,,80.0,80.0,22.0,1.9,88.0,5300000.0,4.4,,63.728,72.3
90,MEX,142,2.1,4.92,7.83,15.1,22.5,14.9,280000.0,5900.0,18.8,0.3,2400.0,0.1,0.1,41.0,17000.0,500.0,0.06,19000.0,0.16,4000.0,0.18,0.27,150000.0,95.0,280000.0,82.0,87.0,98.0,87.0,96.0,97.0,87.0,0.200086536459482,810.0,1200.0,0.0840834559051601,20.6,0.2,,,,97.7,7.8687429,3.6,4.2,3.9,517.0,36.0,34.0,65.5,63.0,64.4,11.8,13.0,12.4,0.7,1.4,1.0,0.1,0.7,0.4,80.0,80.0,22.0,1.8,90.0,6100000.0,5.0,,62.607,66.9
91,MEX,155,,,,15.0,22.2,14.8,290000.0,5000.0,18.9,0.3,2300.0,0.1,0.1,44.0,18000.0,500.0,0.07,19000.0,0.16,4100.0,0.19,0.27,150000.0,79.0,300000.0,93.0,93.0,99.0,93.0,98.0,96.0,96.0,0.210694565533275,770.0,1300.0,0.0794249938756111,20.4,,14.8,7.0,22.5,96.4,,3.2,5.2,4.2,551.0,34.0,36.0,66.0,63.6,64.9,9.3,10.7,10.0,1.4,2.6,2.0,0.2,0.4,0.3,79.0,80.0,22.0,1.8,90.0,7100000.0,5.8,,61.486,
92,MEX,168,,,,15.0,21.9,14.8,300000.0,4500.0,19.2,0.3,2300.0,0.1,0.1,46.0,18000.0,500.0,0.07,19000.0,0.16,4100.0,0.19,0.27,140000.0,85.0,310000.0,58.0,85.0,94.0,85.0,62.0,76.0,85.0,0.278231521136334,740.0,1300.0,0.0755779781372267,20.3,0.2,,,,,,,,,736.0,33.0,,,,,,,,,,,,,,77.0,80.0,23.0,1.7,96.0,7700000.0,6.1,,60.365,
93,MEX,181,2.13,5.0,7.95,15.1,21.7,14.9,320000.0,5000.0,18.9,0.3,2300.0,0.1,0.1,51.0,18000.0,500.0,0.07,20000.0,0.16,4100.0,0.19,0.27,140000.0,84.0,320000.0,55.0,88.0,96.0,88.0,99.0,97.0,88.0,0.300159536849723,,,,20.2,,13.9,6.5,21.2,,,,,,803.0,,,,,,,,,,,,,,,76.0,80.0,23.0,1.7,96.0,7800000.0,6.2,,59.4542,73.1
94,MEX,194,,,,15.3,21.7,15.1,330000.0,4400.0,18.8,0.4,2300.0,0.1,0.1,52.0,18000.0,500.0,0.07,20000.0,0.16,4100.0,0.19,0.27,140000.0,80.0,340000.0,56.0,82.0,76.0,82.0,73.0,73.0,82.0,,,,,20.2,,,,,,,5.3,4.2,4.7,,,,,,,14.0,14.2,14.1,1.1,1.8,1.4,0.1,0.6,0.4,72.0,80.0,23.0,1.7,96.0,9200000.0,7.2,,58.5434,
95,MEX,207,,,,,,,340000.0,4300.0,17.7,0.4,2300.0,0.1,0.1,55.0,18000.0,500.0,0.07,20000.0,0.16,4000.0,0.18,0.27,140000.0,77.0,340000.0,,,,,,,,,,,,,,,,,,,,,,,,,,,,,,,,,,,,,,57.0,24.0,1.7,,,,,,
96,TCD,12,1.65,4.62,7.65,52.3,77.3,52.0,85000.0,8300.0,59.6,1.8,18000.0,1.2,0.5,2.0,5600.0,3500.0,0.4,9500.0,0.98,2800.0,1.48,1.38,68000.0,0.0,100000.0,,,41.0,25.0,,27.0,37.0,198.921261848455,6600.0,11.0,9.47898337771799,54.0,,,,,,,,,,31668.0,1330.0,,23.1,12.6,18.1,,,,,,,,,,,41.0,151.0,31.0,61.0,3800000.0,37.8,93.0,201.5392,
97,TCD,25,,,,52.1,76.9,51.8,84000.0,7900.0,59.6,1.7,18000.0,1.1,0.5,5.0,5300.0,3300.0,0.37,9000.0,0.9,2600.0,1.35,1.27,73000.0,3.0,100000.0,,,56.0,40.0,,39.0,49.0,205.630699574519,6900.0,11.0,9.476865809650509,53.7,,,,,,,,,,45155.0,1340.0,,23.7,12.9,18.5,,,,,,,,,,54.0,,150.0,32.0,60.0,4000000.0,38.4,58.0,198.8096,
98,TCD,38,,,,51.8,76.4,51.5,85000.0,7100.0,59.6,1.7,18000.0,1.0,0.5,7.0,5100.0,3200.0,0.34,8600.0,0.83,2500.0,1.24,1.17,77000.0,4.0,100000.0,,,44.0,28.0,,31.0,38.0,210.711861061182,6800.0,11.0,9.144435255679259,53.3,,13.6,4.7,22.6,,,,,,48288.0,1300.0,,24.2,13.2,18.9,,,,,,,,,,,36.0,149.0,33.0,60.0,4200000.0,39.2,50.0,196.08,
99,TCD,51,,,,51.3,75.9,51.1,86000.0,6500.0,59.5,1.6,18000.0,1.0,0.5,17.0,5100.0,3100.0,0.33,8500.0,0.79,2500.0,1.2,1.13,81000.0,9.0,100000.0,17.0,17.0,30.0,19.0,,27.0,30.0,215.09852526490602,7000.0,11.0,9.072246923686553,52.8,,,,,,,,,,47757.0,1310.0,,24.8,13.4,19.3,,,,,,,,,,,42.0,149.0,30.0,58.0,4500000.0,40.1,0.0,192.508,
100,TCD,64,,,,50.8,75.4,50.6,87000.0,5000.0,59.4,1.6,18000.0,0.9,0.4,24.0,4600.0,2900.0,0.28,7700.0,0.7,2200.0,1.04,0.97,83000.0,12.0,110000.0,24.0,24.0,46.0,24.0,,36.0,32.0,222.91309022072102,7000.0,11.0,8.76091056889389,52.3,7.3,,,,,,,,,0.0,1270.0,,25.4,13.7,19.8,,,,,,,,,,72.0,49.0,148.0,27.0,60.0,4400000.0,38.4,61.0,188.936,
101,TCD,77,2.35,6.58,10.87,50.3,74.9,50.1,90000.0,4200.0,59.4,1.6,17000.0,0.9,0.4,30.0,4300.0,2600.0,0.25,7100.0,0.62,2100.0,0.94,0.88,82000.0,19.0,110000.0,39.0,39.0,58.0,39.0,,46.0,43.0,225.941213766162,7000.0,12.0,8.46311227535441,51.8,,13.0,3.8,22.2,16.6,,28.3,32.5,30.3,200448.0,1240.0,,26.0,14.0,20.2,37.1,40.3,38.7,15.2,17.4,16.3,5.4,7.3,6.3,54.0,54.0,147.0,25.0,60.0,4300000.0,36.3,,185.364,4.8
102,TCD,90,,,,49.8,74.4,49.5,92000.0,4000.0,59.5,1.6,17000.0,0.9,0.4,30.0,4000.0,2500.0,0.23,6700.0,0.57,2000.0,0.85,0.8,81000.0,23.0,110000.0,33.0,33.0,52.0,33.0,,54.0,40.0,210.48363600492803,6900.0,12.0,8.14587617281171,51.2,,,,,,,,,,181126.0,1210.0,,26.6,14.3,20.7,,,,,,,,,,68.0,58.0,147.0,23.0,60.0,4200000.0,33.6,,181.792,
103,TCD,103,,,,49.2,73.9,49.0,94000.0,4000.0,59.7,1.5,17000.0,0.8,0.4,33.0,4000.0,2300.0,0.22,6500.0,0.53,2000.0,0.81,0.76,81000.0,31.0,110000.0,40.0,40.0,62.0,40.0,,63.0,51.0,195.336409273499,6900.0,13.0,7.84653139916944,50.6,4.7,12.6,3.4,21.9,,,,,,7710.0,1190.0,,27.2,14.6,21.1,,,,,,,,,,69.0,57.0,146.0,23.0,43.0,4300000.0,33.6,,178.22,
104,TCD,116,,,,48.7,73.4,48.5,96000.0,4000.0,59.9,1.5,16000.0,0.8,0.4,35.0,3900.0,1800.0,0.21,5900.0,0.47,1900.0,0.75,0.71,82000.0,53.0,110000.0,39.0,39.0,60.0,39.0,,57.0,46.0,179.351243472445,7000.0,13.0,7.58320192606087,50.0,3.4,,,,,,,,,754565.0,1170.0,,27.8,14.9,21.6,,,,,,,,,,74.0,58.0,146.0,23.0,50.0,4100000.0,31.3,91.0,174.794,
105,TCD,129,,,,48.2,72.7,48.0,97000.0,4000.0,60.2,1.4,15000.0,0.8,0.4,42.0,3700.0,1300.0,0.19,5200.0,0.4,1800.0,0.7,0.66,83000.0,76.0,110000.0,36.0,36.0,58.0,36.0,,45.0,44.0,170.27475210892402,7100.0,13.0,7.45403844075628,49.3,,12.3,2.9,21.6,,,,,,914032.0,1170.0,,28.5,15.3,22.1,,,,,,,,,,68.0,60.0,145.0,22.0,60.0,4100000.0,29.9,96.0,171.368,
106,TCD,142,0.53,1.45,2.39,47.6,71.9,47.4,98000.0,3800.0,60.4,1.4,14000.0,0.7,0.4,51.0,3400.0,1700.0,0.17,5300.0,0.39,1700.0,0.61,0.57,84000.0,59.0,110000.0,42.0,42.0,70.0,42.0,,46.0,52.0,167.283774054721,7100.0,14.0,7.22601220951725,48.6,,,,,24.3,,27.8,31.0,29.4,787046.0,1160.0,1389.0,29.1,15.6,22.6,38.6,40.9,39.8,11.8,14.7,13.3,3.5,5.3,4.4,77.0,56.0,144.0,23.0,75.0,3900000.0,28.0,85.0,167.942,5.7
107,TCD,155,,,,47.0,70.9,46.9,99000.0,3400.0,60.7,1.3,14000.0,0.7,0.4,39.0,3000.0,1700.0,0.14,4800.0,0.35,1500.0,0.52,0.49,83000.0,56.0,110000.0,41.0,41.0,59.0,41.0,,37.0,44.0,169.93360628112302,7200.0,14.0,7.03878532083891,47.8,,12.1,2.6,21.6,,,,,,1294768.0,1140.0,,29.8,16.0,23.1,,,,,,,,,,74.0,52.0,144.0,25.0,75.0,4200000.0,28.5,0.0,164.516,
108,TCD,168,,,,46.4,69.5,46.4,100000.0,3100.0,60.9,1.3,13000.0,0.6,0.4,46.0,3000.0,1600.0,0.14,4800.0,0.33,1500.0,0.51,0.47,80000.0,62.0,110000.0,41.0,41.0,59.0,41.0,,37.0,44.0,172.301485147748,7300.0,15.0,6.8738585102896295,47.0,,,,,,,21.3,27.0,24.3,1962372.0,1140.0,,,,,28.9,35.3,32.1,12.0,14.9,13.5,2.9,4.3,3.6,79.0,55.0,143.0,24.0,78.0,4400000.0,29.1,67.0,161.09,
109,TCD,181,0.5,1.37,2.25,45.9,68.0,45.9,100000.0,3200.0,61.2,1.2,12000.0,0.6,0.3,54.0,3000.0,1300.0,0.13,4500.0,0.3,1500.0,0.49,0.45,79000.0,76.0,110000.0,46.0,46.0,50.0,46.0,,42.0,41.0,164.83195820291598,,,,46.2,,11.8,2.3,21.3,,,22.9,26.4,24.7,1364706.0,,,,,,29.1,34.7,31.9,12.2,14.7,13.5,3.3,4.6,4.0,78.0,59.0,142.0,23.0,78.0,4700000.0,30.4,70.0,157.9144,
110,TCD,194,,,,45.4,66.3,45.5,100000.0,3300.0,61.6,1.2,11000.0,0.6,0.3,62.0,2700.0,1100.0,0.12,4000.0,0.26,1400.0,0.43,0.4,80000.0,87.0,110000.0,50.0,50.0,75.0,50.0,,41.0,47.0,,,,,45.3,,,,,,,26.9,31.4,29.2,,,,,,,35.7,39.8,37.8,12.5,15.3,13.9,3.8,5.2,4.5,80.0,60.0,142.0,22.0,78.0,5100000.0,31.7,,154.7388,8.1
111,TCD,207,,,,,,,100000.0,3000.0,62.0,1.1,11000.0,0.5,0.3,69.0,2400.0,1000.0,0.1,3500.0,0.22,1200.0,0.37,0.34,80000.0,87.0,110000.0,,,,,,,,,,,,,,,,,,,,,,,,,,,,,,,,,,,,,,54.0,144.0,22.0,,,,,,
112,USA,12,4.46,9.49,14.74,8.1,5.9,8.1,,,,,,,,,,,,,,,,,,,,93.0,94.0,,96.0,86.0,92.0,92.0,,560.0,3800.0,0.0264402355219897,9.2,,,,,99.4,8.150033999999991,,,,,13.0,13.0,57.0,67.0,61.9,,,,,,,,,,83.0,87.0,5.5,0.25,,,2.5,,40.8214,
113,USA,25,,,,8.4,5.8,8.4,,,,,,,,,,,,,,,,,,,,93.0,93.0,,96.0,86.0,92.0,93.0,,570.0,3700.0,0.027052392044394,9.3,,,,,99.4,8.181393599999991,0.4,1.0,0.7,,14.0,13.0,57.6,67.6,62.5,1.5,4.6,3.1,1.1,0.6,0.9,0.3,0.1,0.2,84.0,87.0,5.3,0.24,,,2.5,,40.2012,
114,USA,38,,,,8.7,5.8,8.6,,,,,,,,,,,,,,,,,,,,93.0,93.0,,96.0,86.0,92.0,93.0,,570.0,3700.0,0.0271870191934373,9.5,,29.1,23.0,35.3,99.3,8.1905003,,,,,14.0,14.0,58.2,68.1,63.1,,,,,,,,,,85.0,87.0,5.1,0.21,,,2.5,,39.581,77.1
115,USA,51,,,,8.9,5.8,8.9,,,,,,,,,,,,,,,,,,,,94.0,91.0,,96.0,87.0,92.0,94.0,,580.0,3600.0,0.0276597278498364,9.6,,,,,99.3,8.18201919999999,0.4,0.9,0.7,,14.0,13.0,58.8,68.7,63.7,1.5,3.1,2.3,0.4,0.8,0.6,0.1,0.1,0.1,86.0,87.0,4.9,0.21,,,2.5,,37.2522,76.4
116,USA,64,,,,9.2,5.8,9.2,,,,,,,,,,,,,,,,,,,,92.0,84.0,,95.0,88.0,90.0,93.0,,600.0,3500.0,0.0286108491552721,9.8,,,,,99.3,8.1606035,,,,,15.0,14.0,59.4,69.2,64.2,,,,,,,,,,62.0,87.0,4.3,0.19,,,2.5,,34.9234,76.4
117,USA,77,4.38,9.36,14.54,9.5,5.8,9.4,960000.0,,23.7,0.5,,0.1,0.2,,34000.0,,0.06,40000.0,0.13,9800.0,0.23,0.23,,,960000.0,92.0,90.0,,95.0,89.0,92.0,93.0,,600.0,3500.0,0.0282222335556632,10.0,,27.9,21.8,33.9,99.4,8.13091949999999,0.8,1.1,1.0,,15.0,15.0,59.9,69.8,64.8,2.8,2.8,2.8,0.0,0.2,0.1,0.0,0.0,0.0,66.0,87.0,4.2,0.2,,,2.5,,32.5946,76.4
118,USA,90,,,,9.8,5.8,9.8,980000.0,,23.5,0.5,,0.1,0.2,,33000.0,,0.06,39000.0,0.13,9100.0,0.22,0.22,,,990000.0,91.0,94.0,,96.0,90.0,92.0,94.0,,610.0,3400.0,0.0290083081598091,10.2,,,,,99.3,8.09761619999999,,,,,15.0,14.0,60.5,70.3,65.3,,,,,,,,,,80.0,87.0,3.9,0.19,,,2.5,,30.2658,
119,USA,103,,,,10.0,5.8,10.0,1000000.0,,23.3,0.5,,0.1,0.2,,33000.0,,0.06,39000.0,0.13,8700.0,0.2,0.22,,,1000000.0,90.0,93.0,,94.0,91.0,91.0,93.0,,620.0,3400.0,0.0291022604654148,10.4,,27.2,21.2,33.2,99.3,8.0653591,0.4,0.5,0.5,,16.0,,61.0,70.8,65.8,1.3,3.1,2.2,0.5,0.2,0.3,0.0,0.0,0.0,84.0,87.0,3.6,0.17,,,2.5,,27.937,74.1
120,USA,116,,,,10.3,5.8,10.3,1000000.0,,23.1,0.5,,0.1,0.2,,31000.0,,0.05,37000.0,0.12,8000.0,0.19,0.21,,,1000000.0,91.0,93.0,,94.0,91.0,92.0,93.0,,630.0,3400.0,0.0294522098422075,10.5,,,,,99.2,8.0388079,,,,,16.0,,61.6,71.3,66.4,,,,,,,,,,83.0,87.0,3.3,0.19,,,2.5,,26.3216,
121,USA,129,,,,10.5,5.8,10.5,1100000.0,,22.9,0.5,,0.1,0.2,,32000.0,,0.06,38000.0,0.12,7600.0,0.18,0.22,,,1100000.0,92.0,93.0,,95.0,92.0,92.0,93.0,,640.0,3300.0,0.0301588886249902,10.7,,26.4,20.6,32.3,98.5,8.02261449999999,0.7,0.8,0.7,,16.0,19.0,62.1,71.8,66.9,2.2,2.6,2.4,0.0,0.6,0.3,0.0,0.0,0.0,85.0,87.0,3.2,0.16,,,2.5,,24.7062,72.7
122,USA,142,4.61,9.82,15.22,10.7,5.8,10.7,1100000.0,,22.7,0.5,,0.1,0.1,,32000.0,,0.06,38000.0,0.12,7300.0,0.17,0.22,,,1100000.0,92.0,93.0,,95.0,93.0,92.0,93.0,,680.0,3100.0,0.0319954017294704,10.8,,,,,99.1,8.021439599999999,,,,,18.0,18.0,62.6,72.3,67.4,,,,,,,,,,83.0,87.0,3.2,0.16,,,2.5,,23.0908,
123,USA,155,,,,11.0,5.9,11.0,1100000.0,,22.6,0.4,,0.1,0.1,,32000.0,,0.05,38000.0,0.12,6800.0,0.16,0.22,,,1100000.0,93.0,93.0,,95.0,94.0,92.0,94.0,,730.0,2900.0,0.0341953041362802,11.0,,25.7,19.9,31.5,99.1,,1.3,1.6,1.4,,19.0,19.0,63.2,72.7,67.9,2.5,4.6,3.5,0.1,0.7,0.4,0.1,0.0,0.1,80.0,87.0,3.1,0.17,,,2.5,,21.4754,75.9
124,USA,168,,,,11.2,5.9,11.2,1100000.0,,22.5,0.4,,0.1,0.1,,31000.0,,0.05,37000.0,0.12,6500.0,0.16,0.21,,,1100000.0,93.0,93.0,,95.0,94.0,92.0,94.0,,720.0,3000.0,0.0335572948257602,11.1,,,,,99.1,,,,,,19.0,,,,,,,,,,,,,,77.0,87.0,3.1,0.17,,,2.5,,19.86,
125,USA,181,4.64,9.87,15.29,11.5,6.0,11.5,1200000.0,,22.4,0.4,,0.1,0.1,,30000.0,,0.05,36000.0,0.11,6400.0,0.15,0.21,,,1200000.0,91.0,92.0,,94.0,94.0,92.0,93.0,,,,,11.3,,25.1,19.3,30.9,99.1,,0.3,0.5,0.4,,,,,,,4.1,2.8,3.4,0.0,0.2,0.1,0.0,0.0,0.0,79.0,87.0,3.0,0.17,,,2.5,,18.5562,73.9
126,USA,194,,,,11.8,6.1,11.8,1200000.0,,22.3,0.4,,0.1,0.1,,29000.0,,0.05,35000.0,0.11,6100.0,0.15,0.2,,,1200000.0,91.0,91.0,,94.0,95.0,90.0,93.0,,,,,11.5,,,,,,,,,,,,,,,,,,,,,,,,,75.0,87.0,3.0,0.17,,,2.5,,17.2524,73.9
127,USA,207,,,,,,,,,,,,,,,,,,,,,,,,,,,,,,,,,,,,,,,,,,,,,,,,,,,,,,,,,,,,,,,87.0,2.4,0.17,,,,,,
128,YEM,12,0.092,0.34,0.6,64.3,81.7,64.9,3100.0,500.0,39.5,0.1,500.0,0.1,0.1,0.0,500.0,100.0,0.01,500.0,0.02,100.0,0.02,0.04,2600.0,0.0,3400.0,80.0,43.0,66.0,79.0,21.0,73.0,80.0,32.8354814417809,1800.0,76.0,1.30825154783053,59.1,,,,,,,33.6,39.6,36.7,44150.0,242.0,,43.9,35.0,39.5,55.5,58.4,57.0,12.0,15.5,13.8,3.7,5.1,4.4,80.0,56.0,80.0,16.0,59.0,5600000.0,27.8,4.0,80.18,
129,YEM,25,,,,63.9,81.3,64.4,3400.0,500.0,39.3,0.1,500.0,0.1,0.1,0.0,500.0,100.0,0.01,500.0,0.02,100.0,0.02,0.04,2800.0,0.0,3600.0,78.0,73.0,67.0,78.0,26.0,65.0,78.0,38.24942227477129,1700.0,83.0,1.21015945448632,58.9,,,,,35.7,,,,,55000.0,230.0,,44.8,35.8,40.3,,,,,,,,,,83.0,56.0,73.0,15.0,56.0,5500000.0,26.6,55.0,78.39,27.7
130,YEM,38,,,,63.4,80.9,63.9,3600.0,500.0,39.1,0.1,500.0,0.1,0.1,2.0,500.0,100.0,0.01,530.0,0.02,100.0,0.02,0.05,2900.0,1.0,3900.0,79.0,75.0,64.0,79.0,32.0,71.0,79.0,51.4222411319897,1700.0,89.0,1.12352300274105,58.7,,26.2,13.5,38.9,,,,,,67677.0,219.0,,45.6,36.5,41.2,,,,,,,,,,84.0,60.0,66.0,13.0,52.0,5600000.0,26.1,11.0,76.6,
131,YEM,51,,,,62.9,80.5,63.3,3900.0,500.0,38.9,0.1,500.0,0.1,0.1,5.0,500.0,100.0,0.01,560.0,0.03,200.0,0.02,0.05,3000.0,1.0,4200.0,78.0,75.0,60.0,78.0,35.0,69.0,78.0,31.662610011743002,1600.0,96.0,1.04198850511735,58.6,,,,,,,,,,44206.0,208.0,,46.5,37.3,42.0,,,,,,,,,,85.0,63.0,60.0,11.0,63.0,5700000.0,26.0,,74.8144,
132,YEM,64,,,,62.5,80.2,62.9,4300.0,500.0,38.7,0.1,500.0,0.1,0.1,6.0,1000.0,100.0,0.01,600.0,0.03,200.0,0.02,0.05,3100.0,7.0,4600.0,76.0,74.0,58.0,76.0,38.0,65.0,76.0,40.0248692902582,1600.0,100.0,0.9752488403203472,58.4,,,,,,,,,,55450.0,200.0,,47.3,38.1,42.8,,,,,,,,,,88.0,69.0,55.0,8.6,66.0,5300000.0,23.5,11.0,73.0288,
133,YEM,77,0.047,0.18,0.3,62.1,80.0,62.5,4700.0,500.0,38.4,0.1,500.0,0.1,0.1,10.0,1000.0,100.0,0.01,630.0,0.03,200.0,0.02,0.05,3200.0,9.0,5000.0,76.0,75.0,65.0,76.0,43.0,68.0,77.0,62.760786629005786,1500.0,110.0,0.919160627278746,58.3,0.35,24.5,12.2,36.9,,,,,,106697.0,192.0,,48.2,38.9,43.7,,,,,,,,,,87.0,74.0,52.0,6.8,66.0,6100000.0,26.4,12.0,71.2432,
134,YEM,90,,,,61.8,79.9,62.1,5100.0,200.0,38.3,0.1,500.0,0.1,0.1,12.0,1000.0,100.0,0.01,670.0,0.03,200.0,0.02,0.05,3300.0,3.0,5400.0,69.0,69.0,59.0,69.0,46.0,66.0,69.0,42.7320749328399,1500.0,110.0,0.878343594396864,58.1,,,,,,,33.7,37.1,35.5,90954.0,187.0,,49.0,39.7,44.5,46.2,47.0,46.6,11.7,14.8,13.3,2.3,4.4,3.4,89.0,73.0,50.0,6.8,66.0,6600000.0,27.9,9.0,69.4576,
135,YEM,103,,,,61.5,79.9,61.9,5600.0,500.0,38.2,0.1,500.0,0.1,0.1,12.0,1000.0,100.0,0.01,710.0,0.03,200.0,0.02,0.05,3400.0,6.0,5900.0,67.0,67.0,64.0,67.0,40.0,63.0,68.0,45.0928988660846,1500.0,120.0,0.8449178882542739,58.0,,23.5,11.3,35.7,34.4,,,,,112359.0,184.0,,49.9,40.6,45.4,,,,,,,,,,88.0,83.0,48.0,4.6,66.0,8200000.0,33.3,11.0,67.672,
136,YEM,116,,,,61.4,79.9,61.8,6000.0,500.0,38.1,0.1,500.0,0.1,0.1,14.0,1000.0,100.0,0.01,750.0,0.03,200.0,0.02,0.05,3600.0,7.0,6400.0,73.0,73.0,71.0,73.0,47.0,70.0,67.0,35.7598441015545,1500.0,130.0,0.7924553045217471,57.9,,,,,44.7,,39.0,40.9,39.9,102778.0,175.0,137.0,50.7,41.4,46.2,45.3,47.5,46.4,14.8,17.9,16.4,4.8,5.9,5.4,90.0,86.0,48.0,4.1,70.0,8600000.0,34.3,87.0,66.208,33.5
137,YEM,129,,,,61.3,79.9,61.7,6500.0,500.0,38.0,0.1,500.0,0.1,0.1,18.0,1000.0,100.0,0.01,800.0,0.03,200.0,0.02,0.05,3900.0,0.0,6900.0,73.0,73.0,73.0,73.0,45.0,67.0,67.0,29.133377150374304,1500.0,130.0,0.772413949906355,57.8,,22.6,10.6,34.5,,,,,,86707.0,174.0,,51.6,42.3,47.1,,,,,,,,,,86.0,78.0,48.0,5.6,70.0,10000000.0,38.6,7.0,64.744,
138,YEM,142,0.014,0.055,0.094,61.3,79.9,61.6,7000.0,500.0,37.8,0.1,500.0,0.1,0.1,19.0,1000.0,100.0,0.01,840.0,0.03,200.0,0.02,0.06,4100.0,3.0,7400.0,69.0,69.0,47.0,69.0,41.0,67.0,63.0,24.8951196134971,1400.0,140.0,0.731083396141327,57.8,,,,,,,,,,76259.0,169.0,,52.4,43.2,48.0,,,,,,,,,,87.0,60.0,48.0,9.0,70.0,11500000.0,43.4,8.0,63.28,
139,YEM,155,,,,61.3,79.9,61.6,7600.0,500.0,37.7,0.1,500.0,0.1,0.1,22.0,1000.0,100.0,0.01,890.0,0.03,200.0,0.02,0.06,4300.0,0.0,8000.0,71.0,71.0,73.0,71.0,49.0,70.0,65.0,37.7515544744292,1400.0,140.0,0.700948502094178,57.7,,21.7,9.9,33.5,,,,,,98701.0,165.0,,53.3,44.1,48.8,,,,,,,,,,89.0,72.0,48.0,6.7,70.0,12500000.0,46.1,81.0,61.816,
140,YEM,168,,,,61.4,79.8,61.7,8100.0,500.0,37.6,0.1,500.0,0.1,0.1,24.0,1000.0,100.0,0.01,930.0,0.03,200.0,0.03,0.06,4600.0,3.0,8600.0,68.0,68.0,66.0,68.0,46.0,65.0,62.0,41.635305786207105,1400.0,150.0,0.680064051331826,57.6,,,,,,,,,,114004.0,164.0,,,,,,,,,,,,,,89.0,73.0,48.0,6.6,70.0,13000000.0,46.6,,60.352,
141,YEM,181,0.013,0.051,0.08800000000000001,61.5,79.7,61.8,8700.0,500.0,37.5,0.1,500.0,0.1,0.1,25.0,1000.0,100.0,0.01,970.0,0.03,200.0,0.03,0.06,4900.0,3.0,9200.0,65.0,65.0,64.0,65.0,46.0,64.0,59.0,45.8387464235507,,,,57.6,,20.9,9.3,32.5,,,,,,117652.0,,,,,,,,,,,,,,,88.0,71.0,48.0,6.9,70.0,12900000.0,45.4,13.0,59.1624,
142,YEM,194,,,,61.5,79.5,61.8,9400.0,500.0,37.3,0.1,500.0,0.1,0.1,27.0,1000.0,100.0,0.01,1000.0,0.04,200.0,0.03,0.06,5200.0,7.0,9800.0,73.0,73.0,69.0,73.0,46.0,67.0,67.0,,,,,57.5,,,,,,,,,,,,,,,,,,,,,,,,,85.0,73.0,48.0,6.5,70.0,13200000.0,45.4,,57.9728,
143,YEM,207,,,,,,,10000.0,500.0,37.2,0.1,510.0,0.1,0.1,28.0,1000.0,100.0,0.01,1100.0,0.04,200.0,0.03,0.06,5500.0,3.0,11000.0,,,,,,,,,,,,,,,,,,,,,,,,,,,,,,,,,,,,,,61.0,49.0,7.3,,,,,,
