QualityOfLifeKey,CountryKey,MonthKey,"GNI per capita, Atlas method (current US$)","Mortality from CVD, cancer, diabetes or CRD between exact ages 30 and 70, female (%)","Mortality from CVD, cancer, diabetes or CRD between exact ages 30 and 70, male (%)","Mortality from CVD, cancer, diabetes or CRD between exact ages 30 and 70 (%)","People using at least basic drinking water services, rural (% of rural population)","People using at least basic drinking water services, urban (% of urban population)",People using at least basic drinking water services (% of population),"People using safely managed drinking water services, rural (% of rural population)","People using safely managed drinking water services, urban (% of urban population)",People using safely managed drinking water services (% of population),"Hospital beds (per 1,000 people)","Nurses and midwives (per 1,000 people)","Physicians (per 1,000 people)",Risk of catastrophic expenditure for surgical care (% of people at risk),Risk of impoverishing expenditure for surgical care (% of people at risk),"People using at least basic sanitation services, rural (% of rural population)",People using at least basic sanitation services (% of population),"People with basic handwashing facilities including soap and water, rural (% of rural population)","People with basic handwashing facilities including soap and water, urban (% of urban population)",People with basic handwashing facilities including soap and water (% of population),"People practicing open defecation, rural (% of rural population)","People practicing open defecation, urban (% of urban population)",People practicing open defecation (% of population),"Mortality rate attributed to unintentional poisoning (per 100,000 population)","Mortality rate attributed to unintentional poisoning, female (per 100,000 female population)","Mortality rate attributed to unintentional poisoning, male (per 100,000 male population)","People using safely managed sanitation services, rural (% of rural population)",People using safely managed sanitation services (% of population),"Suicide mortality rate, female (per 100,000 female population)","Suicide mortality rate, male (per 100,000 male population)","Suicide mortality rate (per 100,000 population)",UHC service coverage index,Current health expenditure (% of GDP),Current health expenditure per capita (current US$),"Current health expenditure per capita, PPP (current international $)",External health expenditure (% of current health expenditure),External health expenditure channeled through government (% of external health expenditure),External health expenditure per capita (current US$),"External health expenditure per capita, PPP (current international $)",Domestic general government health expenditure (% of current health expenditure),Domestic general government health expenditure (% of GDP),Domestic general government health expenditure (% of general government expenditure),Domestic general government health expenditure per capita (current US$),"Domestic general government health expenditure per capita, PPP (current international $)",Capital health expenditure (% of GDP),Out-of-pocket expenditure (% of current health expenditure),Out-of-pocket expenditure per capita (current US$),"Out-of-pocket expenditure per capita, PPP (current international $)",Domestic private health expenditure (% of current health expenditure),Domestic private health expenditure per capita (current US$),"Labor force, female (% of total labor force)","Labor force, total"
0,CAN,12,34810.0,10.1,15.2,12.7,98.20544302,99.48998183,99.23464422,,,98.24079534,3.1,9.9467,,0.7,0.0,99.3057628,99.80519484,,,,0.0,0.0,0.0,0.3,0.1,0.4,78.66348538,78.8857635,6.2,18.2,12.2,81.0,9.06438637,3296.50146484,3290.41967773,0.0,,0.0,0.0,73.03554535,6.620224,17.13103867,2407.61767578,2403.17578125,0.46553159,15.36829281,506.61602783,505.68136597,26.96445656,888.88372803,46.4192408180153,17697127.0
1,CAN,25,38510.0,9.9,14.7,12.3,98.26651823,99.47343153,99.23461957,,,98.29946776,3.02,10.0236,1.9086,0.5,0.0,99.27332025,99.75033789,,,,0.0,0.0,0.0,0.2,0.2,0.3,79.05348712,79.28068911,5.7,16.9,11.2,,9.34515572,3778.27148438,3554.80078125,0.0,,0.0,0.0,72.70279694,6.79418945,17.5222168,2746.90869141,2584.43920898,0.4852525,15.65555382,591.50927734,556.52368164,27.29720688,1031.36254883,46.6740593393456,17912331.0
2,CAN,38,43090.0,9.8,14.7,12.2,98.32759343,99.45688123,99.23549716,,,98.35997369,2.96,10.1208,,0.5,0.0,99.24087771,99.69595411,,,,0.0,0.0,0.0,0.4,0.2,0.5,79.44262314,79.67517216,6.1,17.0,11.5,,9.43898201,4199.28808594,3717.99462891,0.0,,0.0,0.0,72.9079895,6.88177204,17.81913567,3061.61645508,2710.71508789,0.46111584,15.36362934,645.16296387,571.21881104,27.0920105,1137.67163086,46.8559603879221,18276042.0
3,CAN,51,45650.0,9.6,14.2,11.9,98.38866864,99.44033093,99.23607708,,,98.41990954,2.85,10.289,1.959,0.5,0.0,99.20843516,99.6414571,,,,0.0,0.0,0.0,0.3,0.2,0.4,79.83089051,80.06894984,6.1,17.1,11.5,,9.59853268,4459.87646484,3855.40722656,0.0,,0.0,0.0,73.09282684,7.0158391,18.04857635,3259.84985352,2818.02612305,0.49411947,15.2439537,679.86151123,587.7164917,26.90716934,1200.02648926,46.800794255418396,18576392.0
4,CAN,64,43230.0,9.3,13.8,11.5,98.44974385,99.42378064,99.23635504,,,98.47926264,2.8,10.3743,,0.5,0.0,99.17599261,99.5868457,,,,0.0,0.0,0.0,0.3,0.2,0.4,80.2182863,80.46202275,5.9,18.1,12.0,,10.70911217,4357.23388672,4140.42578125,0.0,,0.0,0.0,73.49100494,7.87023449,18.07973289,3202.17529297,3042.84057617,0.558819,14.91024971,649.67449951,617.34783936,26.50898933,1155.05883789,47.032047169849605,18712292.0
5,CAN,77,44490.0,9.0,13.2,11.1,98.51081905,99.40723034,99.23634886,,,98.53806358,2.78,9.3233,2.0384,0.4,0.0,99.14355006,99.53213067,,,,0.0,0.0,0.0,0.3,0.3,0.4,80.60480756,80.85439848,6.4,17.8,12.1,84.0,10.6837883,5048.30908203,4256.97802734,0.0,,0.0,0.0,73.17476654,7.81783676,18.11133957,3694.08837891,3115.03369141,0.60769439,15.23122311,768.91925049,648.38983154,26.82523346,1354.22058105,47.1342044913595,18918726.0
6,CAN,90,47190.0,8.9,12.9,10.8,98.57189426,99.39068004,99.23589396,,,98.59599042,2.8,9.2368,,0.4,0.0,99.11110751,99.47721571,,,,0.0,0.0,0.0,0.3,0.2,0.4,80.99045138,81.24600912,6.1,16.5,11.3,,10.33907032,5355.67626953,4273.02832031,0.0,,0.0,0.0,73.82319641,7.63263273,18.31574821,3953.73120117,3154.48632813,0.55510336,14.50615788,776.90283203,619.85223389,26.17680168,1401.94458008,47.092992876451994,19061288.0
7,CAN,103,51080.0,8.8,12.7,10.7,98.63296946,99.37412975,99.23432608,,,98.65168006,2.79,9.3473,2.3962,0.3,0.0,99.07866496,99.42171918,,,,0.0,0.0,0.0,0.3,0.2,0.3,81.3752148,81.636549,6.2,17.5,11.8,,10.42859364,5459.95947266,4384.10888672,0.0,,0.0,0.0,74.10050964,7.72764158,18.88193321,4045.8581543000014,3248.6472168,0.56289852,14.27086258,779.18334961,625.65014648,25.89948845,1414.1015625,47.22646344271111,19250224.0
8,CAN,116,52800.0,8.6,12.4,10.5,98.69404467,99.35757945,99.23268617,,,98.70725106,2.72,9.4788,2.4509,0.3,0.0,99.04622241,99.36619078,,,,0.0,0.0,0.0,0.3,0.2,0.4,81.75909490000002,82.02636889,6.4,17.9,12.1,,10.34045982,5409.78808594,4552.95996094,0.0,,0.0,0.0,74.25772858,7.67859077,19.21535492,4017.18554688,3380.92431641,0.464086,14.01701546,758.29083252,638.18908691,25.74226761,1392.60217285,47.3136274729582,19475966.0
9,CAN,129,52200.0,8.5,12.3,10.4,98.75511987,99.34102915,99.23098502,,,98.76270793,2.67,9.7475,2.4961,0.3,0.0,99.01377986,99.31064352,,,,0.0,0.0,0.0,0.3,0.2,0.4,82.14208876,82.41547978,6.8,18.7,12.7,,10.25013065,5189.82666016,4659.98144531,0.0,,0.0,0.0,73.64110565,7.54830933,19.67216682,3821.84619141,3431.66210938,0.43370816,14.58891773,757.13964844,679.84094238,26.35890007,1367.98132324,47.18991571377961,19560730.0
10,CAN,142,47590.0,8.6,12.0,10.3,98.81619508,99.32447885,99.22922139,,,98.81806216,2.62,9.8188,2.5388,0.3,0.0,98.98133731,99.25507123,,,,0.0,0.0,0.0,0.3,0.3,0.4,82.52419342,82.80387768,6.9,19.2,13.0,89.0,10.68328094,4615.64208984,4729.48681641,0.0,,0.0,0.0,74.04132843,7.91004276,19.76601601,3417.48291016,3501.77490234,0.46246728,14.24009228,657.27166748,673.48327637,25.95867157,1198.15942383,47.05309414100761,19678725.0
11,CAN,155,43890.0,8.6,12.2,10.4,98.87727028,99.30792856,99.22739547,,,98.87330686,2.6,9.9194,2.3105,0.4,0.0,98.94889476,99.19947682,,,,0.0,0.0,0.0,0.3,0.2,0.4,82.90540597,83.19156559999998,6.2,17.6,11.9,,10.97903442,4610.92626953,4908.84179688,0.0,,0.0,0.0,73.02696991,8.01765537,19.74586487,3367.2199706999995,3584.77856445,0.41319191,15.16561222,699.27520752,744.45587158,26.97303391,1243.70666504,47.1730727072703,19888520.0
12,CAN,168,42900.0,8.3,11.9,10.1,98.93834549,99.29137826,99.22553764,,,98.92850562,2.53,9.9491,2.6102,0.2,0.0,98.91645221,99.14388406,,,,0.0,0.0,0.0,0.4,0.3,0.5,83.28572346,83.5785755,6.4,19.8,13.0,89.0,10.78964806,4845.58984375,5023.35107422,0.0,,0.0,0.0,73.20887756,7.89897966,19.62109566,3547.40209961,3677.53881836,0.37921214,14.97778893,725.76226807,752.38690186,26.79112625,1298.18823242,47.272067115732696,20166002.0
13,CAN,181,44950.0,8.1,11.5,9.8,98.99942069,99.27482796,99.22363119,,,98.98362633,2.55,9.9874,2.4251,0.3,0.0,98.88400966,99.08828896,,,,0.0,0.0,0.0,0.3,0.3,0.4,83.69421783,83.97367373,6.2,17.9,12.0,,10.79046917,4994.90234375,5199.97314453,0.0,,0.0,0.0,73.49179840000002,7.93011045,19.54784775,3670.84326172,3821.5534668000014,0.62012422,14.72872066,735.6852417,765.88946533,26.50819778,1324.05859375,47.3633609013342,20349922.0
14,CAN,194,46460.0,8.0,11.2,9.6,99.0604959,99.25827766,99.22164984,,,99.03861451,2.52,11.812,2.4425,0.3,0.0,98.85156711,99.03268117,,,,0.0,0.0,0.0,0.3,0.3,0.4,84.10229814,84.36813002,6.1,17.6,11.8,89.0,,,,,,,,,,,,,,,,,,,47.240316101498394,20743970.0
15,CAN,207,43530.0,,,,99.0604959,99.25827766,99.22181066,,,99.03894727,,,,0.3,0.0,98.85156711,99.03286158,,,,0.0,0.0,0.0,,,,84.10229814,84.36839322,,,,,,,,,,,,,,,,,,,,,,,,20457473.0
16,COD,12,200.0,25.4,29.7,27.5,17.78793701,67.99815166,36.60722724,0.598405823,30.59833693,11.84267981,1.1,,,94.3,92.5,20.84343495,22.05200139,,,,15.751806699999998,2.911672971,10.93919626,2.3,1.2,3.4,20.70648543,20.17927348,3.4,11.7,7.5,25.0,4.15535212,9.07471561,21.9807663,19.8168869,52.7329703274257,1.79832613,4.35590363,5.22955847,0.21730657,2.4902432,0.47456753,1.14949703,,70.11764526,6.36297703,15.41239548,74.95355225,6.80182171,50.007492621049614,21267591.0
17,COD,25,230.0,25.4,29.4,27.3,18.07823587,68.4277506,37.19644995,0.621899442,31.21812127,12.23959073,0.8,,,93.1,90.9,20.16634212,21.55023257,,,,15.95811893,2.977586721,11.02928109,2.3,1.2,3.5,20.03057715,19.68032856,3.4,11.5,7.4,,4.29650307,10.97469044,23.87996483,20.67278481,56.178478412964495,2.26877427,4.93665361,5.24973869,0.2255552,2.4902432,0.57614255,1.25363564,,69.4004364,7.61648369,16.57279968,74.0774765,8.12977409,49.8070007621614,21595163.0
18,COD,38,260.0,25.0,28.7,26.8,18.36701447,68.85793258,37.79087,0.645844678,31.84286688,12.64733871,,,,94.5,92.1,19.49432584,21.05658611,,,,16.16443115,3.043500472,11.11680929,2.3,1.2,3.4,19.35974027,19.18955404,3.3,11.1,7.2,,4.23824692,12.13539028,24.87830925,24.50735283,62.5269561132946,2.97406316,6.0970149000000005,5.71934605,0.24240001,2.4902432,0.69406509,1.4228766000000002,,65.03197479,7.8918848,16.178855900000002,69.77330017,8.46726322,49.5844076357522,21946024.0
19,COD,51,290.0,25.0,28.8,26.8,18.65427281,69.28869759999999,38.38954596,0.670241532,32.47257378,13.06551839,,,,89.4,91.6,18.8273861,20.57102918,,,,16.37074338,3.109414223,11.20200779,2.3,1.2,3.4,18.693974800000003,18.70701631,3.3,11.1,7.1,,4.89141369,16.02249908,30.08571815,39.15751266,28.5185725795752,6.27401161,11.78081799,5.9418745,0.29064167,2.4902432,0.95203674,1.78765547,,50.79241562,8.13821411,15.2812624,54.90061188,8.79644966,49.3547364045684,22311502.0
20,COD,64,300.0,25.1,29.1,27.0,18.94001088,69.72004565,38.99355346,0.695090005,33.10724196,13.49497268,,,0.0934,87.8,91.7,18.1655229,20.09368866,,,,16.577055599999998,3.175327973,11.28457892,2.4,1.2,3.5,18.03944772,18.16510852,3.3,11.3,7.3,,4.44885302,13.28515053,27.43423653,42.0082283,39.22129625705379,5.58085728,11.52463913,6.97988558,0.31052488,2.4902432,0.92728835,1.91487849,,46.37462234,6.16093826,12.72252369,51.01188278,6.7770052,49.126674889102105,22679412.0
21,COD,77,320.0,24.7,28.8,26.7,19.22422869,70.15197675,39.60194826,0.720390095,33.74687142,13.9352759,,,,81.7,89.9,17.50873626,19.62451329,,,,16.78336782,3.2412417239999995,11.36475698,2.5,1.3,3.6,17.38993805,17.630471,3.2,11.2,7.2,31.0,3.74988651,12.52543068,24.23534393,43.37192154,37.9195103061002,5.43251991,10.51133442,10.57279301,0.39646775,2.4902432,1.32428777,2.56235266,0.27231938,38.00847244,4.76072454,9.21148396,46.05528259,5.76862288,48.8709503081419,23054964.0
22,COD,90,340.0,24.3,28.5,26.3,19.50692624,70.58449088,40.21581378,0.7461418040000001,34.39146217,14.38730031,,,,85.3,92.7,16.85702615,19.16364168,,,,16.98968005,3.3071554739999995,11.44223736,2.4,1.3,3.6,16.74544579,17.10315079,3.1,11.1,7.1,,3.21934819,12.46153259,21.95619202,44.35404587,56.7184349268258,5.52719402,9.73845959,11.00330448,0.3542347,2.53303361,1.37118042,2.41590667,0.03544165,39.3625679,4.9051795,8.642520900000001,44.64264679,5.56315804,48.626284760800715,23377698.0
23,COD,103,380.0,23.8,28.1,25.9,19.78810352,71.01758805,40.83420107,0.77234513,35.04101419,14.85060023,,,,82.2,90.0,16.21039259,18.71100167,,,,17.19599227,3.373069225,11.51725883,2.4,1.4,3.5,16.10597092,16.58317236,3.0,10.9,6.9,,3.30099463,14.01603508,23.76433182,37.63668823,73.3672340257362,5.27517223,8.94410801,16.13481903,0.53260952,3.87756181,2.26146197,3.83433223,0.17342123,40.27502823,5.64496231,9.57109165,46.22849274,6.47940159,48.3662594190347,23708507.0
24,COD,116,410.0,23.3,27.5,25.3,20.06776054,71.45126826,41.45717361,0.799000075,35.69552750000001,15.3253774,,0.86,0.0899,78.1,87.3,15.56883558,18.26661658,,,,17.4023045,3.438982975,11.58979319,2.4,1.3,3.5,15.47151346,16.07056555,2.9,10.7,6.8,,3.56509233,16.326828,27.4029007,40.14576721,50.0163642784001,6.55453062,11.00110435,13.97492123,0.49821883,3.90773797,2.28166151,3.82953429,0.33307388,39.43296814,6.43815374,10.8057785,45.87931442,7.490637299999999,48.3560605156981,24480524.0
25,COD,129,440.0,23.0,26.9,24.8,20.3458973,71.88553151,42.08531377,0.826106638,36.35500208,15.81219423,,,,80.0,87.0,14.93235511,17.83057536,12.33362819,27.31930788,18.65458735,17.60861672,3.504896726,11.65966735,2.4,1.4,3.5,14.84207341,15.56537461,2.9,10.6,6.7,,3.97941589,19.37128258,33.00378799,40.19532776,58.9853502109194,7.78634977,13.26597977,13.84381485,0.5509029000000001,2.97944403,2.68172431,4.56898308,0.08137088,38.71640778,7.49986458,12.77788067,45.96085739,8.90320778,48.360231942260896,25282844.0
26,COD,142,460.0,22.5,26.2,24.3,20.6225138,72.32037779,42.71817997,0.8536648179999999,37.01943795,16.31091597,,0.9479,,76.0,85.8,14.30095119,17.40283928,12.33362819,27.31930788,18.73850726,17.81492894,3.570810476,11.72699236,2.3,1.3,3.3,14.21765076,15.06761794,2.8,10.4,6.6,35.0,3.99593234,19.87244987,34.64826202,39.67303848,70.0724588523708,7.88400507,13.74601936,16.56808472,0.66204947,3.84204984,3.29248428,5.74055386,0.16932999,37.17883301,7.38834476,12.88181973,43.7588768,8.69596004,48.371616283768304,26129038.0
27,COD,155,470.0,22.1,25.8,23.9,20.89761003,72.75580711,43.35584023,0.881674617,37.68883510000001,16.82175216,,,,74.5,84.5,13.67462381,16.98342625,12.33362819,27.31930788,18.82347672,18.02124117,3.636724227,11.7917382,2.1,1.1,3.0,13.59824551,14.57732219,2.8,10.3,6.5,,4.36690283,20.58203506,37.93149948,43.22838593,52.0788038809128,8.8972826,16.39717674,12.62530518,0.55133474,3.80849552,2.59854484,4.78896713,0.16260724,37.29187393,7.67542744,14.14536667,44.1463089,9.0862093,48.34849776517471,26995846.0
28,COD,168,460.0,21.9,25.7,23.7,21.171186,73.19181947,43.99783932,0.910136034,38.36319353,17.3445372,,0.8974,,78.0,85.8,13.05337297,16.57227169,12.33362819,27.31930788,18.90934425,18.22755339,3.702637977,11.85402069,2.2,1.2,3.1,12.98385767,14.09448759,2.7,10.3,6.5,37.0,4.15728664,19.41761589,36.94486618,42.47307205,49.8389208795714,8.24725819,15.69161987,9.94900703,0.41360879,3.98170805,1.93185985,3.67564726,0.11057696,40.12472153,7.79126358,14.8240242,47.57791901,9.23849773,48.370442924816,27896292.0
29,COD,181,500.0,22.2,26.1,24.1,21.44324171,73.62841487,44.64476808,0.939049069,39.04251325,17.87984806,,1.1101,,77.3,86.8,12.43719869,16.16946438,12.33362819,27.31930788,18.99626091,18.43386562,3.768551728,11.91366752,2.2,1.2,3.1,12.37448723,13.619160199999998,2.8,10.7,6.7,,3.30075741,18.51088905,30.71561813,35.216854100000006,44.884888834562204,6.51895237,10.81707382,15.07837772,0.49770063,4.45876265,2.79114175,4.6314168,0.06168046,41.61063766,7.70249939,12.78096581,49.70476913,9.20079422,48.4141250771488,28829039.0
30,COD,194,530.0,22.2,26.0,24.0,21.71377716,74.06559331,45.29617589,0.968413722,39.72679424,18.42751354,,,,74.5,85.4,11.82610094,15.77493074,12.33362819,27.31930788,19.08407735,18.64017784,3.834465478,11.97079675,2.0,1.1,2.9,11.77013419,13.15133439,2.8,10.6,6.7,39.0,,,,,,,,,,,,,,,,,,,48.46511097583261,29801894.0
31,COD,207,550.0,,,,21.98279234,74.50335478,45.95212696,0.998229993,40.41603652,18.98772879,,,,74.4,84.4,11.22007975,15.38867157,12.33362819,27.31930788,19.17279278,18.84649006,3.900379229,12.02538391,,,,11.17079856,12.69102623,,,,,,,,,,,,,,,,,,,,,,,,29797897.0
32,IND,12,710.0,18.9,26.0,22.5,79.11866408,92.85201703,83.13360985,35.93492395,,,0.41,1.2907,0.5885,73.3,60.4,17.32716408,28.4835452,,,,74.77552840000001,20.27789371,58.84314476,0.5,0.4,0.6,11.13094256,15.3211176,13.7,17.1,15.5,33.0,3.79116249,27.66702271,117.16109467,1.53180611,84.2655007043118,0.42380518,1.79468107,20.12672806,0.76303691,3.03288698,5.56846619,23.5806942,0.1611494,73.14936829,20.23825073,85.70259094,78.34146881,21.67475128,26.427295256577892,449085795.0
33,IND,25,790.0,19.1,26.4,22.8,79.76593755,92.90758804,83.65179214,37.33337823,,,0.42,,0.6012,68.6,58.2,20.4324463,31.24230559,,,,71.28437171,18.99189313,55.82200891,0.5,0.4,0.6,13.58742947,17.27038835,13.5,17.6,15.6,,3.63477802,29.56233788,122.23664856,1.43511701,84.2655007042929,0.42425418,1.7542392,20.50616074,0.7453534,2.95240974,6.06209993,25.06604195,0.18146035,72.25708008,21.36088181,88.32463837,78.05872345,23.07598305,25.7427509698065,451850201.0
34,IND,38,910.0,19.3,26.9,23.1,80.41277995,92.963011,84.16605196,38.75026338,,,0.41,,0.6182,67.7,55.9,23.56711227,34.01546073,,,,67.79321501,17.70589255,52.8141007,0.5,0.4,0.6,16.07429038,19.28393109,12.9,17.4,15.3,,3.51754212,35.85623932,129.92012024,1.51285565,84.2655007042852,0.54245311,1.96550405,20.89888573,0.73512709,2.95841479,7.49355412,27.15185738,0.18110794,70.81672668,25.39221191,92.00518036,77.58825684,27.82023048,25.0610008044338,454681299.0
35,IND,51,1000.0,19.1,27.4,23.3,81.05919126,93.01828589,84.67634135,40.1855794,,,0.41,,0.6342,63.5,53.7,26.731162,36.80268608,,,,64.30205831,16.41989197,49.81961911,0.5,0.3,0.6,18.58467314,21.30680318,12.6,17.3,15.1,,3.51468062,37.88212204,134.83255005,1.8706342,84.26550070430629,0.70863593,2.52222371,22.62734604,0.79527897,2.97089481,8.57171917,30.50902557,0.17476563,69.14794159,26.19470787,93.2339325,75.50202179,28.60176659,24.3762267041032,457434579.0
36,IND,64,1120.0,18.7,27.5,23.2,81.70517149999998,93.07341273,85.18237554,41.63932629,,,0.44,,0.6518,59.3,52.2,29.92459547,39.60301534,,,,60.81090161,15.13389139,46.83967414,0.4,0.3,0.5,21.11857901,23.3386407,12.4,16.5,14.5,,3.48537874,38.30339432,142.79072571,1.01849651,84.70949684948471,0.39011872,1.45431852,25.6102047,0.89261264,3.19391966,9.80957699,36.56899643,0.17325020000000002,66.75775146,25.57048225,95.3238678,73.37129974,28.10369682,23.7039679408326,460259988.0
37,IND,77,1220.0,19.1,28.0,23.7,82.35072067,93.12839152,85.68425222,43.11150404,,,0.47,,0.6858,57.8,48.7,33.1474127,42.41651879,60.0113582,82.28006598,66.89906807,57.31974492,13.84789081,43.87389884,0.4,0.3,0.5,23.67600924,25.37938816,12.9,16.3,14.6,48.0,3.27211905,45.12977219,145.46598816,0.97050869,78.6511857623338,0.43798834,1.41176009,26.20631409,0.85750186,3.1116302000000005,11.82684994,38.12127304,0.17793332,65.18476868,29.41773605,94.82167053,72.82318115,32.86493301,23.032537421212503,462951194.0
38,IND,90,1360.0,19.5,28.0,23.9,82.99583876,93.18322225,86.18204472,44.60211266,,,0.63,,0.7376,50.3,44.1,36.39961367,45.24319673,60.0113582,82.28006598,66.97611902,53.82858822,12.56189023,40.92201617,0.4,0.3,0.5,26.25696509,27.42892062,12.8,16.3,14.7,,3.24634194,48.60390472,150.12916565,0.8697859,76.7640353465395,0.42274988,1.30580235,28.87308502,0.93731916,3.38130069,14.03344536,43.34692001,0.19404872,62.22489929,30.24373055,93.41771698,70.25712585,34.14770508,22.1179774737095,463753497.0
39,IND,103,1480.0,19.7,27.5,23.7,83.64052577,93.23790492,86.67656079,46.11115215,,,0.49,,0.6982,53.7,45.1,39.6811984,48.08510146,60.0113582,82.28006598,67.05584145,50.33743152,11.27588965,37.98070296,0.3,0.2,0.5,28.86144781,29.48719818,12.2,16.2,14.3,,3.32935309,48.94621658,163.45767212,0.9425528,68.7797601965313,0.46134391,1.54067492,27.98947906,0.93186861,3.43849397,13.69979191,45.75095367,0.19756314,63.00013733,30.83618355,102.97855377,71.06796265,34.78507996,21.226767224382,464760493.0
40,IND,116,1520.0,19.3,26.0,22.7,84.28478171,93.29243954,87.16750039,47.63862251,,,0.49,,0.7170000000000001,50.6,38.1,42.99216688,50.94117568,60.0113582,82.28006598,67.1380113,46.84627483,9.989889072,35.05112452,0.3,0.2,0.4,31.48945868,31.55352208,11.8,15.5,13.7,,3.74944162,56.11839676,196.93147278,0.27013245,50.805188108953,0.15159398,0.53197587,23.07121849,0.86504191,3.23883247,12.94719791,45.43449402,0.28407836,69.07303619,38.76267624,136.02655029,76.65864563,43.01959991,21.018796083835,469135490.0
41,IND,129,1560.0,19.0,24.9,22.0,84.92860657,93.3468261,87.65476481,49.18452373,,,0.52,,0.7247,49.4,35.5,46.33251911,53.81088813,60.0113582,82.28006598,67.22285792,43.35511813,8.703888492,32.13366505,0.3,0.2,0.4,34.14099893,33.62723216,11.0,14.4,12.8,,3.61956549,57.07431793,205.69075012,0.74758422,49.1210283225117,0.42667863,1.5377115,23.66404152,0.85653549,3.25070548,13.50608921,48.67473984,0.2564413,67.01399994,38.24777985,137.84158325,75.58837891,43.14154816,20.8254758243353,473313171.0
42,IND,142,1600.0,19.8,25.4,22.6,85.57200035,93.40106461,88.13813263,50.74885582,,,0.58,,0.7329,44.7,35.3,49.70225509,56.69339984,60.0113582,82.28006598,67.31037222,39.86396143,7.417887912,29.22911238,0.3,0.2,0.4,36.81606984,35.70761814,10.8,13.7,12.3,55.0,3.59565997,58.91690063,220.55366516,0.71176356,47.486241301323396,0.41934901,1.56982052,25.64012718,0.92193186,3.37624002,15.10636997,56.55024338,0.24175881,64.66441345,38.0982666,142.61972046,73.64810944,43.39118195,20.652122545795397,477296180.0
43,IND,155,1680.0,19.7,25.4,22.6,86.21496306,93.45515505,88.61740577,52.33161878,,,0.48,,0.759,40.0,32.8,53.10137483,59.58787271,60.0113582,82.28006598,67.40056273,36.37280473,6.131887333,26.3382637,0.3,0.2,0.3,39.51467266,37.79397393,10.6,13.4,12.1,,3.51098323,60.60255051,232.94697571,0.64179951,46.2102216264935,0.38894689,1.4950527,26.83841324,0.94229215,3.39333463,16.26476479,62.51927567,0.27112967,63.20620346,38.30457306,147.23693848,72.51978302,43.94884491,20.4900674784396,481187327.0
44,IND,168,1820.0,19.3,25.0,22.2,86.85749469,93.50909745,89.09243315,53.93281260000001,,,0.53,2.1079,0.7779,37.6,30.2,56.52987831,62.49361923,60.0113582,82.28006598,67.49364379,32.88164804,4.845886753,23.46163252,0.3,0.2,0.3,42.23680864,39.88551213,10.5,13.4,12.0,57.0,3.53500652,69.32007599,253.42102051,0.8061586,41.6563756853752,0.55882972,2.04297543,27.13165283,0.95910567,3.3750422,18.80768204,68.75731659,,62.40067291,43.25619507,158.13644409,72.06218719,49.95355988,20.3433928429162,484539161.0
45,IND,181,2010.0,19.1,24.7,22.0,87.49959525,93.56289179,89.56293708,55.5524373,,,,1.7271,0.6857,34.4,27.2,59.98776554,65.40956223,60.0113582,82.28006598,67.58940082,29.39049134,3.559886173,20.60033711,0.3,0.2,0.3,44.97459733,41.89591302,11.0,14.0,12.6,,3.544245,72.83453369,275.13040161,0.69543952,33.6782365070908,0.50652009,1.91336548,26.95349503,0.95529789,3.38738155,19.63145256,74.15726471,,62.66708374,45.64327621,172.41621399,72.35105896,52.69655991,20.2092081358004,487631036.0
46,IND,194,2120.0,19.0,24.6,21.9,88.14126473,93.61653807,90.02869896,57.10752932,,,,2.3885,0.9281,33.7,27.2,63.47503653,68.33481002,60.0113582,82.28006598,67.68782584,25.89933464,2.273885594,17.75516918,0.3,0.2,0.3,47.73575764,43.90429017,11.1,14.1,12.7,61.0,,,,,,,,,,,,,,,,,,,20.3170915103221,494732703.0
47,IND,207,1920.0,,,,88.78250313,93.6700363,90.48952503,56.07462388,,,,,,31.1,24.1,66.99169126,71.26847596,60.0113582,82.28006598,67.78892869,22.40817795,0.987885014,14.9269267,,,,50.52028956,45.90965899,,,,,,,,,,,,,,,,,,,,,,,,471688990.0
48,KEN,12,510.0,20.3,24.7,22.2,41.09441822,86.90824272,51.02456418,,60.30574932,,,,,60.2,59.5,30.15570571,31.29814186,,,,18.89905303,2.635421007,15.37391052,2.7,1.6,3.9,27.78475819,,3.0,9.2,6.0,37.0,5.31436777,30.47352028,116.16540527,17.30976486,28.437086915693307,5.27489471,20.10796165,27.89969063,1.48269212,6.91328287,8.50201797,32.40979385,,44.95913696,13.70063114,52.22696686,54.7905426,16.69660759,47.1117277901535,13349642.0
49,KEN,25,580.0,20.4,24.7,22.3,41.82191916,86.91277753,51.76219866,,60.10402022,,1.4,,,54.6,59.0,30.26242086,31.41057218,,,,18.39271316,2.547105316,14.89954899,2.7,1.6,3.9,27.9113748,,3.0,9.1,6.0,,5.87344599,40.28915024,122.23605347,28.43768311,6.918977092333488,11.45730114,34.76110458,24.83134079,1.45845544,6.82457685,10.00433636,30.35285378,,38.43079376,15.48344135,46.97629166,46.7309761,18.82751083,47.25060287144179,14010035.0
50,KEN,38,700.0,20.8,25.1,22.7,42.54725865,86.91730249,52.49502118,,59.90217553,,,,,49.5,55.6,30.36748749,31.52040505,,,,17.886373300000006,2.458789625,14.42750867,2.8,1.6,4.0,28.03626004,,3.4,9.3,6.3,,5.99706984,49.51648712,133.20227051,28.57767296,8.051493624852151,14.15066147,38.06611633,25.95243454,1.55638564,7.04399729,12.85073566,34.56923676,,35.76912689,17.71161461,47.64529037,45.46989059,22.51509285,47.3920697349182,14679131.0
51,KEN,51,820.0,20.7,25.2,22.7,43.27043667,86.92181762,53.22295134,,59.70021525,,,0.3537,0.1664,47.7,56.4,30.47090559,31.62759601,,,,17.38003344,2.370473934,13.95785394,2.8,1.6,4.1,28.15941391,,3.4,9.1,6.2,,6.04985666,54.57352448,133.55918884,28.7476368,6.7644261918077015,15.68859673,38.39510345,27.07579422,1.63804686,7.17625523,14.77621269,36.16220474,,33.46188736,18.26133156,44.69142532,44.17657089,24.10871124,47.5402575351878,15357746.0
52,KEN,64,820.0,20.6,24.5,22.4,43.99145323,86.9263229,53.94504418,,59.49813938,,,0.3899,0.1686,45.3,55.6,30.57267516,31.73199465,,,,16.87369358,2.282158242,13.490937900000002,2.8,1.5,4.1,28.2808364,,3.3,8.7,6.0,,6.02780771,54.56043243,134.76249695,29.15121269,5.1877727631267,15.90502644,39.28490067,27.88091087,1.68060768,7.26461697,15.21194458,37.57301331,,31.50622559,17.18993187,42.45858002,42.96787643,23.44345665,47.677472313252004,16061294.0
53,KEN,77,920.0,20.6,24.3,22.2,44.71030833,86.93081834,54.66210303,,59.29594793,,1.4,0.7061,0.1696,43.6,53.8,30.67279621,31.83365481,,,,16.36735371,2.193842551,13.02651524,2.8,1.5,4.0,28.40052753,,3.4,8.6,6.0,47.0,6.11675072,58.21165848,145.94364929,28.80493736,8.2491533595087,16.7678318,42.03897858,28.96219444,1.77154517,7.31673145,16.859375,42.26848602,0.21344288,30.17857361,17.56744957,44.04371262,42.23286819,24.58445549,47.8235920586604,16792532.0
54,KEN,90,1000.0,20.3,24.4,22.1,45.42700197,86.93530394,55.37612789,,59.09364088,,,,0.1748,42.2,52.7,30.77126873,31.932772,24.1740417,33.39669159,26.3846192,15.86101385,2.10552686,12.56396154,2.8,1.5,4.1,28.51848727,,3.1,8.7,5.9,,5.81170416,56.46788025,146.21820068,26.322492600000004,8.96004588839751,14.86375427,38.48827744,30.86547279,1.79381001,7.609887599999999,17.42907906,45.1309433,,30.96613503,17.48591995,45.27812576,42.81203079,24.17504692,47.969352005324296,17540854.0
55,KEN,103,1050.0,20.2,24.1,22.0,46.14153415,86.9397797,56.08651459,,58.89121825,,,,0.1825,41.1,51.0,30.86809273,32.02923088,24.1740417,33.39669159,26.42215486,15.35467399,2.017211169,12.10353401,2.7,1.4,4.0,28.63471565,,3.0,8.8,5.9,,5.61369753,63.82013702,146.55874634,24.31078339,14.579595598218,15.51517582,35.62958145,32.40784454,1.81927824,7.52511835,20.68272972,47.49652481,,31.60435486,20.16994286,46.31894684,43.28137207,27.62223434,48.1028215746537,18329694.0
56,KEN,116,1110.0,20.4,23.8,21.9,46.85390486,86.94424561,56.79390352,,58.68868002,,,0.8851,0.1907,41.3,50.7,30.96326821,32.12306456,24.1740417,33.39669159,26.46070513,14.84833412,1.928895478,11.645088,2.6,1.4,3.7,28.74921265,,3.2,8.7,5.9,,5.51942348,66.80593872,151.23342896,22.64751053,21.8419711526847,15.12988281,34.25060654,33.68307114,1.85911131,7.32042551,22.50229073,50.94005966,0.40705442,32.1320343,21.46610641,48.5943718,43.66942215,29.17376518,48.233323240464706,19148834.0
57,KEN,129,1230.0,20.2,23.1,21.5,47.56411412,86.94870169,57.49730086,,58.48602621,,,0.9274,0.1959,39.3,49.0,31.05679516,32.21411259,24.1740417,33.39669159,26.50008621,14.34199426,1.840579787,11.18901255,2.5,1.4,3.6,28.86197828,,3.1,8.3,5.7,,5.45934105,71.83386993,156.52455139,20.01926231,26.6610881876369,14.38060951,31.33506012,37.40696716,2.04217386,7.52172232,26.87087059,58.55108261,,29.22180367,20.9911499,45.73929596,42.57377243,30.5823822,48.3591307608828,19993854.0
58,KEN,142,1300.0,19.9,22.5,21.1,48.27216191,86.95314792,58.19692798,,58.28325681,,,0.865,,28.8,43.4,31.14867359,32.30235103,24.1740417,33.39669159,26.54038864,13.8356544,1.752264096,10.73529794,2.4,1.4,3.5,28.97301253,,2.9,8.0,5.5,52.0,5.21938848,69.77667999,155.959198,17.92063332,33.4032516628263,12.50442314,27.94887733,40.38045883,2.10761309,7.75013208,28.17614555,62.97704315,,26.89801407,18.76854134,41.94992828,41.69890594,29.0961113,48.482296350274886,20855982.0
59,KEN,155,1460.0,19.5,22.3,20.8,48.97804824,86.95758431,58.89260448,,58.08037182,,,1.0362,,23.4,41.1,31.23890349,32.38771068,24.1740417,33.39669159,26.58161381,13.32931454,1.663948404,10.28407065,2.4,1.3,3.5,29.08231541,,2.8,8.1,5.4,,5.14090538,72.51428223,160.49085999,16.20617294,40.2070836084605,11.75178909,26.00942421,42.80955124,2.20079875,7.95947742,31.04303741,68.70540619,0.28558609,24.99973106,18.12837601,40.12228012,40.98427582,29.7194519,48.6038343784641,21750070.0
60,KEN,168,1510.0,19.4,22.5,20.8,49.6817731,86.96201086,59.58415166,,57.87737123,,,1.0587,,22.0,39.3,31.32748486,32.47011972,24.1740417,33.39669159,26.62376287,12.82297467,1.575632713,9.83545624,2.4,1.3,3.5,29.18988692,,2.8,8.4,5.6,54.0,4.8369956,75.85467529,157.59783936,15.73860645,41.5878681965076,11.93846798,24.80370331,42.64933395,2.06294632,7.89416599,32.35151291,67.21442413,,24.03088951,18.22855377,37.87216187,41.61206055,31.56469345,48.8107795029635,22401775.0
61,KEN,181,1680.0,19.6,22.8,21.0,50.38333651,86.96642756,60.27174819,,57.67425506,,,1.1656,0.1565,23.1,39.2,31.41441772,32.54954127,24.1740417,33.39669159,26.66692495,12.31663481,1.4873170219999998,9.389470606,2.4,1.3,3.6,29.29572706,,3.1,9.0,6.0,,5.16729498,88.38527679,179.18043518,15.50901508,38.5043656294755,13.70768738,27.78911972,42.13712692,2.17734981,8.548651699999999,37.2430191,75.50148773,,23.62028885,20.87685585,42.32292938,42.35385513,37.43457031,49.0336218757539,23055882.0
62,KEN,194,1830.0,19.6,22.7,21.0,51.08273845,86.97083443,60.95447666,,57.68951488,,,,,21.2,36.9,31.49970204,32.62581333,24.1740417,33.39669159,26.71091571,11.81029495,1.399001331,8.94646002,2.4,1.3,3.5,29.39983582,,3.2,9.1,6.1,56.0,,,,,,,,,,,,,,,,,,,49.256905284586296,23733381.0
63,KEN,207,1840.0,,,,51.77997893,86.97523145,61.63289158,,57.70477471,,,,,21.1,36.4,31.58333784,32.69894486,24.1740417,33.39669159,26.75592337,11.30395509,1.31068564,8.506339764,,,,29.47861186,,,,,,,,,,,,,,,,,,,,,,,,,23738918.0
64,MAR,12,2070.0,24.4,25.8,25.0,39.82209303,93.34669023,69.35375676,23.42824849,86.62774784,58.29794242,0.87,,,42.4,24.2,56.4187214,73.17732429,,,,38.47515063,1.341736556,17.98716115,1.0,1.2,0.9,,34.50253434,7.1,11.8,9.4,55.0,4.76469755,97.53405762,231.3740387,0.29009873,93.97188187244741,0.28294509999999995,0.67121321,25.92174721,1.23509276,3.98538041,25.28252983,59.97618866,0.12267696,59.2600174,57.79869461,137.11228943,73.7881546,71.96858215,26.9686606322687,10654363.0
65,MAR,25,2240.0,24.4,25.5,24.9,42.13733072,93.64704648,70.85193792,24.62982376,86.81476011,59.29543965,0.87,,,43.8,23.9,57.37718734,74.12862857,,,,36.22702977,1.249046471,16.72820248,1.0,1.1,0.9,,34.83066006,6.9,11.7,9.3,,4.94123936,110.10379791,262.91921997,0.29296973,88.80536390576547,0.32257077,0.77027375,36.87304306,1.82198548,6.48042345,40.59862137,96.94631958,0.12091357,58.74880981,64.68467712,154.46192932,62.83398819,69.18260193,26.8521504531129,10781751.0
66,MAR,38,2380.0,24.5,25.5,25.0,44.47919193,93.94782855,72.33844751,25.83139903,87.00177237,60.28072159,0.87,,0.5862,38.5,22.7,58.34114536,75.07866135,,,,33.9789089,1.156356387,15.49423167,1.0,1.1,0.9,,35.15795717,6.9,11.8,9.3,,5.42293549,137.54327393,303.23251343,0.60441279,92.84021466163472,0.83132917,1.83277619,40.6319313,2.20344329,7.70352125,55.88649368,123.20923615,0.1405336,54.86222076,75.45929718,166.36009216,58.76366043,80.82545471,26.664148442641,10952163.0
67,MAR,51,2700.0,24.4,25.3,24.8,46.84767668,94.24903646,73.81241348,27.032974300000006,87.18878464,61.25320765,1.1,,,36.7,20.8,59.31059548,76.02704441,,,,31.73078804,1.063666303,14.28548964,1.0,1.1,0.9,,35.48432466,6.7,11.9,9.3,,5.30251694,155.53877258,316.38134766,0.32649451,81.3539795203145,0.50782555,1.03296769,40.14347076,2.12861419,6.96128368,62.43866348,127.00645447,0.158447,55.70158386,86.63756561,176.22943115,59.53003311,92.59227753,26.524671096318606,11106215.0
68,MAR,64,2880.0,24.2,25.1,24.6,49.24278495,94.55067019,75.27306806,28.23454958,87.37579691,62.21237602,1.13,0.9298,0.6477,34.4,20.0,60.28553769,76.97343084,,,,29.48266718,0.970976218,13.1021306,0.9,1.1,0.8,,35.80967302,6.6,12.0,9.2,,5.8412447,169.95036316,361.58789063,0.09151038,10.580119473118499,0.15552221,0.33089039,43.12371445,2.51896167,8.28153896,73.28890228,155.93011475,0.18931626,53.24248505,90.48578644,192.51835632,56.78477859,96.50593567,26.4716598619629,11315947.0
69,MAR,77,2930.0,24.0,24.9,24.4,51.66451676,94.85272976,76.72145338,30.70976387,88.19221952,64.05993393,1.13,,,35.5,19.7,61.26597199,77.91863276,,,,27.23454631,0.8782861340000001,11.94317177,0.9,1.0,0.8,,36.13419969,6.4,12.0,9.2,63.0,5.86408854,169.00949097,376.36080933,0.44110709,71.7601671281743,0.74551296,1.66015434,39.90460587,2.3400414,7.53159666,67.44258118,150.18531799,0.22533086,55.61273193,93.99079895,209.30453491,59.65428925,100.82141113,26.4251966699306,11518919.0
70,MAR,90,3000.0,23.8,24.8,24.3,54.1128721,95.15521515,78.15588754,33.28895741,89.01133066,65.93168151,0.85,,,33.3,18.6,62.25189838,78.86171012,,,,24.98642545,0.78559605,10.80933731,0.9,1.0,0.8,,36.45766568,6.2,12.2,9.2,,5.7329936,177.28041077,390.04995728,0.66934651,79.1749419275294,1.18662024,2.61078572,41.03374863,2.35246205,6.96032429,72.74479675,160.05210876,0.19400617,54.98462296,97.47697449,214.46749878,58.29690552,103.34899902,26.3687523235592,11722318.0
71,MAR,103,2980.0,23.6,24.7,24.2,56.58785096,95.45812638,79.57650954,35.97213022,89.20538279,67.45534086,0.85,,,30.4,17.4,63.24331687,79.80289214,,,,22.73830459,0.692905965,9.700214765,0.9,1.0,0.8,,36.78012361,6.0,11.8,8.9,,5.74942255,169.95767212,404.98614502,0.59068155,75.5111183655325,1.00390875,2.39217854,42.50144196,2.44358778,6.93882799,72.23447418,172.12496948,0.16889162,53.57524109,91.05523682,216.9723053,56.90787506,96.71929932,25.8927206531141,11761742.0
72,MAR,116,3090.0,23.4,25.9,24.7,59.08945336,95.76146343,80.98264576,38.75928227,89.39509284,68.98886324,0.85,0.9725,0.632,29.4,16.7,64.24022744,80.74184444,,,,20.49018372,0.600215881,8.615873146,0.9,1.0,0.8,,37.10148724,5.8,10.2,8.0,,5.68743515,180.20198059,420.15048218,0.32062247,100.0,0.57776803,1.34709692,44.27557755,2.51814461,7.64631701,79.78546143,186.02406311,0.14344214,51.66757202,93.10597992,217.08155823,55.40379715,99.83874512,25.8445293320252,11856989.0
73,MAR,129,3060.0,23.1,25.8,24.5,61.61767928,96.06522631,82.37439241,41.65041358,89.58480288,70.53375808,1.1,0.944,0.9135,32.0,16.6,65.24263011,81.67878265,,,,18.24206286,0.507525797,7.555940621,0.8,0.9,0.7,,37.42180347,5.5,9.8,7.7,,5.30341721,170.74113464,404.13684082,0.28963909,99.9290407500477,0.49453309,1.17053831,40.62820816,2.15468311,6.55426311,69.3690567,164.19354248,0.15647693,55.51983643,94.79520416,224.37612915,59.08215714,100.87754822,25.389170851054306,11840044.0
74,MAR,142,3020.0,22.9,25.8,24.4,64.17252874,96.36941502,83.75113288,44.64552414,89.77451293,72.08801032,1.1,,,30.3,16.1,66.25052487,82.61338627,,,,15.993942,0.414835712,6.520443469,0.8,0.9,0.7,,37.74099097,5.3,9.5,7.4,70.0,5.07174492,148.03874207,402.78405762,0.20777096,85.2080610679138,0.30758154,0.83686835,41.49453354,2.10449672,6.85437489,61.42798233,167.13336182,0.15942103,55.60689545,82.31974792,223.97570801,58.29769516,86.30317688,24.953074899552607,11815638.0
75,MAR,155,2880.0,22.7,25.8,24.3,66.75400172,96.67402956,85.11293354,47.74461396,89.96422298,73.65056863,1.1,,,28.8,15.5,67.26391172,83.54587203,,,,13.74582113,0.322145628,5.509053827000001,0.8,0.9,0.7,,38.05909803,5.1,9.3,7.2,,5.23815107,154.1124115,419.54431152,0.15746514,100.0,0.24267329,0.66063607,42.5061264,2.22653508,7.29335546,65.50720978,178.33203125,,54.31686783,83.70903015,227.8833313,57.33640671,88.36251831,24.533856822241106,11780447.0
76,MAR,168,2880.0,22.6,25.9,24.2,69.36209824,96.97906993,86.45921074,50.94768303,90.15393303,75.21948627,1.0,1.3887,0.7308,26.4,14.0,68.28279066,84.47590911,,,,11.49770027,0.229455543,4.521755184,0.8,0.8,0.7,,38.37603783,5.0,9.3,7.1,71.0,5.23623848,161.45051575,439.59942627,0.22168069,99.9111730566632,0.35790461,0.97450715,42.97889328,2.25047708,7.48915005,69.38964081,188.93495178,,53.85724258,86.95278931,236.75611877,56.79942322,91.70296478,24.128291686750497,11742460.0
77,MAR,181,3090.0,22.4,26.0,24.2,71.99681828,97.28453612,87.7897571,54.25473136,90.34364307,76.79333996,,,,26.4,13.8,69.30716170000001,85.40346662,,,,9.249579404,0.136765459,3.558353568,0.7,0.8,0.7,,38.69180171,4.8,9.5,7.2,,5.31261539,174.78184509,467.12515259,0.18119994,,0.3167046,0.84643054,40.19127655,2.13520813,7.1744175000000014,70.24705505,187.74357605,,46.98527527,82.12173462,219.48005676,59.62752151,104.21808624,24.2154866804685,11914871.0
78,MAR,194,3200.0,22.3,26.0,24.1,74.65816186,97.59042815,89.10411331,57.66575894,90.53335312,78.37037068,,,,26.8,14.0,70.33702483,86.32823398,,,,7.001458541,0.044075375,2.618724704,0.7,0.8,0.7,,39.00630913,4.7,9.7,7.2,73.0,,,,,,,,,,,,,,,,,,,24.2802574862241,12084530.0
79,MAR,207,2980.0,,,,77.34612896,97.89674601,90.40234468,61.18076577,90.72306317,79.94957617,,,,23.5,12.8,71.37238005,87.25043077,,,,4.753337677,0.0,1.7334471180000002,,,,,39.31960908,,,,,,,,,,,,,,,,,,,,,,,,11523035.0
80,MEX,12,8050.0,15.7,17.8,16.7,81.80368497,96.60292525,93.09668937,,,40.35948897,1.05,2.2053,3.5303,19.8,9.3,62.36085428,81.27377788,,,,19.94258519,2.863955603,6.910224385,0.8,0.4,1.1,,23.87717464,1.4,6.9,4.1,65.0,5.83612156,483.09536743,738.71514893,0.0,,0.0,0.0,42.23654556,2.46497631,11.14233589,204.04277039,312.00775146,0.12093282,54.58955002,263.71957397,403.26126099,57.76345062,279.05255127,35.4371888060852,43772747.0
81,MEX,25,8690.0,15.3,17.5,16.4,83.28434329999997,96.89332254,93.71099729,,,40.5640574,1.02,2.2215,3.762,18.0,8.0,64.00811634,82.07830717,,,,18.64645146,2.679589832,6.413280454,0.7,0.4,1.1,,25.87350566,1.3,6.8,4.0,,5.65525532,512.83319092,780.88769531,0.0,,0.0,0.0,42.82709122,2.4219811,10.73126125,219.63153076,334.43145752,0.11649629,53.76395035,275.71936035,419.83602905,57.1729126,293.20166016,36.0214059369911,45215867.0
82,MEX,38,9250.0,14.8,17.5,16.1,84.77669523,97.18390312,94.32032157,,,40.76641554,1.06,2.2832,3.843,17.4,8.2,65.6456319,82.87293106,,,,17.35031773,2.495224062,5.923779375,0.7,0.4,1.0,,27.90436423,1.5,6.7,4.1,,5.76644516,556.0402832000002,824.02880859,0.0,,0.0,0.0,43.81832123,2.52675962,10.71415234,243.64750671,361.07559204,0.09540497,52.49715424,291.90533447,432.59170532,56.18167496,312.39276123,36.309000319785,46262334.0
83,MEX,51,9780.0,15.0,17.9,16.4,86.21616916,97.47192479,94.90809059,,,40.96669575,1.03,2.3066,3.8988,17.9,9.3,67.27340096,83.65830449,,,,16.054184,2.310858291,5.441312933,0.6,0.4,0.8,,29.96951033,1.7,7.1,4.4,,5.69886971,570.83050537,850.54614258,0.0,,0.0,0.0,45.91358185,2.61655498,9.43475246,262.08871459999995,390.51620483,0.12782037,48.59585571,277.39996338,413.3302002,54.08642197,308.74176025,36.3516317303069,47054559.0
84,MEX,64,8820.0,14.7,17.6,16.1,87.22624414,97.72787166,95.36710258,,,41.16482643,1.02,2.3624,3.9581,18.8,9.7,68.89142351,84.43419231,,,,14.75805027,2.12649252,4.9660664080000005,0.5,0.3,0.7,,32.0685671,1.8,7.5,4.6,,6.12978458,490.56585693,892.38897705,0.0,,0.0,0.0,46.66846848,2.86067677,10.29210567,228.93955994,416.46426392,0.22113964,47.35383987,232.30175781,422.58044434,53.33153152,261.62625122,36.84130465872021,48003205.0
85,MEX,77,9040.0,14.5,17.5,15.9,88.23631912,97.98381853,95.82133427,,,41.36089371,1.05,2.4118,3.9972,14.8,7.2,70.49969957,85.20102819,,,,13.46191653,1.942126749,4.497791888,0.5,0.3,0.8,,34.20129298,1.7,7.5,4.5,70.0,5.97513008,553.9777832000002,911.84197998,0.0,,0.0,0.0,48.64709854,2.90672731,10.50331306,269.49411011,443.58465576,0.18069033,45.66922379,252.99736023,416.43115234,51.35290146,284.4836731000001,36.8175346220517,48835133.0
86,MEX,90,9310.0,13.9,17.0,15.4,89.2463941,98.23976541,96.27120298,,,41.55507773,1.04,2.5093,4.2008,13.7,6.9,72.09822913,85.95971004,83.50700895,91.38427265,89.66001526,12.1657828,1.757760978,4.035972895,0.6,0.4,0.8,,36.3676703,2.0,8.6,5.2,,5.70114136,581.71026611,941.84326172,0.0,,0.0,0.0,51.3264122,2.92619133,10.55760574,298.57098389,483.41433716,0.11669675,42.72873306,248.55743408,402.43768311,48.6735878,283.13928223,37.07751477423921,49848252.0
87,MEX,103,10050.0,13.9,17.2,15.5,90.25646908,98.49571228,96.71644433,,,41.74726437,1.03,2.5488,4.2236,15.4,8.1,73.6870122,86.70980432,83.50700895,91.38427265,89.68317442,10.86964907,1.573395207,3.58092129,0.5,0.3,0.7,,38.56730401,1.9,7.9,4.9,,5.84224558,598.34881592,1002.70043945,0.0,,0.0,0.0,51.59181976,3.01412058,10.68310261,308.69903564,517.31140137,0.10765681,42.60287476,254.91377258,427.17913818,48.40818024,289.64978027,37.564677356127,51365736.0
88,MEX,116,10270.0,13.5,17.0,15.2,91.26654406,98.75165915,97.15725463,,,41.93753836,1.03,2.8044,4.311,15.1,8.2,75.26604876,87.45178303,83.50700895,91.38427265,89.70633655,9.573515339,1.389029436,3.132406947,0.5,0.3,0.7,,40.80011597,2.0,8.5,5.2,,5.9407773,637.15966797,1032.14453125,0.0,,0.0,0.0,52.76314163,3.1345408,11.28449631,336.18545532,544.59191895,0.08697756,41.30863571,263.20196533,426.36483765,47.23685837,300.97421265,37.704092951183,52135926.0
89,MEX,129,10500.0,13.8,17.6,15.6,92.27661905,99.00760603,97.5936259,,,42.12589627,1.03,2.6798,4.4526,14.4,8.3,76.83533882,88.18573213,83.50700895,91.38427265,89.72949429,8.277381607999999,1.204663665,2.69042959,0.4,0.3,0.6,,43.06591674,2.3,9.2,5.7,,5.63038635,614.97424316,1016.05865479,0.0,,0.0,0.0,53.24549866,2.99792695,10.71714306,327.44610596,541.00543213,0.0937376,39.96512985,245.77526855,406.06918335,46.75450516,287.52819824,37.2437515782207,52543348.0
90,MEX,142,10160.0,13.9,17.7,15.7,93.28669403,99.2635529,98.02544354,,,42.31228861,1.0,2.4177,4.6493,14.8,8.1,78.39488239,88.91148404,83.50700895,91.38427265,89.75249473,6.981247876,1.020297894,2.2551085090000003,0.5,0.3,0.8,,45.36435171,2.3,9.0,5.6,73.0,5.79708719,556.86657715,1059.99060059,0.0,,0.0,0.0,53.08388901,3.07731915,11.17937469,295.60644531,562.6842041,0.07671753,40.4012146,224.98088074,428.24908447,46.91611099,261.26016235,37.4797332378036,53579106.0
91,MEX,155,9390.0,14.0,18.3,16.0,94.29676901,99.51949977,98.45286453,,,42.49678317,1.0,2.5103,4.6488,11.4,5.9,79.94467945,89.62944687,83.50700895,91.38427265,89.77550185,5.685114145,0.835932124,1.826280678,0.5,0.3,0.7,,47.69541008,2.1,9.2,5.6,,5.61569786,490.79937744,1054.80566406,0.0,,0.0,0.0,52.39226913,2.94219136,10.75080585,257.14089966,552.63653564,0.08289972,40.51521301,198.84841919,427.35675049,47.60773468,233.65847778,37.5732614175485,54395105.0
92,MEX,168,8920.0,13.7,18.0,15.7,95.30684399,99.77544665,98.87578129,,,42.67933349,0.99,2.5078,4.7654,11.1,5.5,81.48473002,90.33947554,83.50700895,91.38427265,89.79834169,4.3889804130000005,0.651566353,1.4040199290000002,0.4,0.3,0.6,,50.0587208,2.2,9.8,5.9,73.0,5.51889515,512.06567383,1071.98608398,0.0,,0.0,0.0,51.51245499,2.84291816,11.04824734,263.77758789,552.20635986,0.07031807,41.2832756,211.39749146,442.55102539,48.48754883,248.28808594,37.4090985794429,55135552.0
93,MEX,181,9180.0,13.6,17.9,15.6,96.31691897,100.0,99.26913243,,,42.84912192,0.98,3.149,4.8496,10.8,5.0,83.01503408,91.04184497,83.50700895,91.38427265,89.82111114,3.092846682,0.467200582,0.988233853,0.4,0.3,0.6,,52.45421467,2.2,8.7,5.4,,5.37147474,519.60546875,1065.95007324,0.0,,0.0,0.0,50.0715065,2.68957853,10.46609402,260.17428589,533.73724365,0.08385061,42.0700264,218.59817505,448.44552612,49.9284935,259.43118286,37.699791250124704,56255842.0
94,MEX,194,9470.0,13.5,18.0,15.6,97.32699395,100.0,99.47726394,,,42.93896105,,2.3646,,10.1,5.0,84.53559165,91.73666093,83.50700895,91.38427265,89.84379235,1.79671295,0.0,0.351365143,0.4,0.3,0.6,,54.88172246,2.2,8.5,5.3,74.0,,,,,,,,,,,,,,,,,,,38.4887399422183,57839046.0
95,MEX,207,8480.0,,,,98.33706893,100.0,99.67956828,,,43.02628491,,,,10.7,5.2,86.04640272,92.42406261,,,,0.500579219,0.0,0.096456614,,,,,57.34110284,,,,,,,,,,,,,,,,,,,,,,,,53978977.0
96,TCD,12,470.0,22.8,26.1,24.4,31.64817814,75.18878159,41.14046577,2.862089446,15.55545215,5.629369492,0.4,,,29.8,21.6,5.814242179,10.0540648,7.574971887999999,40.12006386,14.6701275,84.09813571,17.75628995,69.63495209,4.0,2.8,5.1,5.4071452110000005,8.712721622,3.7,11.4,7.5,16.0,4.84111166,31.98035049,77.39698792,10.05244446,12.434725395120001,3.21480656,7.7802887,29.53754044,1.42994523,12.42319202,9.446208,22.861166,,56.22251129,17.98015594,43.51453018,60.41001511,19.31933403,44.9752752672461,3690232.0
97,TCD,25,530.0,22.8,25.9,24.3,32.03753601,75.18653226,41.45868775,2.814550804,15.67716389,5.6229737160000015,,0.1808,0.0352,56.0,39.2,5.7069178260000015,10.09345288,7.574971887999999,40.12006386,14.68086719,83.73650691,17.67902107,69.31351561,3.9,2.8,5.0,5.309478124,8.735437119,3.6,11.3,7.5,,4.86643076,34.6416626,77.85208893,11.12248135,22.009650064606,3.8530128,8.65908527,20.45203972,0.99528432,7.14388466,7.08492613,15.92233944,,63.66035843,22.05300713,49.5609169,68.42547607,23.70372391,44.931321741365785,3820059.0
98,TCD,38,630.0,23.3,26.0,24.6,32.4277193,75.17511323,41.7757177,2.765267241,15.79887564,5.615456526,,,,75.5,60.1,5.599593473,10.13347221,7.574971887999999,40.12006386,14.69193207,83.37487811,17.60175218,68.99160754,4.1,3.0,5.2,5.211811036,8.758663425,3.8,11.6,7.7,,4.34313393,34.82590866,71.30908203,6.29868078,63.1321722543651,2.19357276,4.49153137,23.54442406,1.02256596,5.9936161,8.19956017,16.78931427,,64.9182663,22.60837555,46.29262161,70.1568985,24.4327755,44.9200020750747,3951665.0
99,TCD,51,700.0,23.2,25.8,24.5,32.81872802,75.1545245,42.09069088,2.7142387560000003,15.92058738,5.606561025,,,,79.0,61.8,5.4922691210000005,10.173715199999998,7.574971887999999,40.12006386,14.70267215,83.01324931,17.52448329,68.67055747,3.9,2.8,5.0,5.114143949,8.782082065,3.8,11.3,7.5,,4.05955124,37.71233368,67.69852448,5.87167406,54.00192816504421,2.21434546,3.97503638,19.57815361,0.7947852,4.22873926,7.38337898,13.25412083,,68.81594849,25.95209885,46.58737946,74.5501709,28.11460876,44.9361076668354,4088910.0
100,TCD,64,830.0,23.4,25.8,24.6,33.21056215,75.12476608,42.40402243,2.661465349,16.04229912,5.59641721,,,,73.7,57.0,5.315655062,10.25719015,8.815558483,39.65568694,15.580031699999996,82.65162049999998,17.447214399999996,68.34968512,4.0,2.9,5.1,4.951928344,8.834288152000001,3.8,11.4,7.6,,4.44166899,35.68569183,75.25681305,8.14150906,46.055866718211895,2.90535426,6.12704086,20.83603096,0.92546761,3.83396602,7.4354825,15.68053341,,65.01296997,23.20032883,48.92668915,71.02245331,25.34485817,44.9765897193247,4232115.0
101,TCD,77,910.0,23.7,25.8,24.7,33.6032217,75.08583795,42.72317538,2.606947021,16.16401086,5.58746767,,,,73.8,56.1,5.141802954,10.35163901,10.05614508,39.19131003,16.46151145,82.2899917,17.36994552,68.01731876,4.0,2.9,5.1,4.792226162,8.895495427,3.8,11.6,7.7,24.0,4.06023359,36.28798676,76.32644653,5.94830656,43.878430766949606,2.15852094,4.54013109,20.97907257,0.85179925,3.49750304,7.61288357,16.01258087,,67.58454132,24.52506828,51.5848732,73.07261658,26.51658249,45.0302839857297,4378882.0
102,TCD,90,890.0,23.7,25.7,24.7,33.99670667,75.03774011,43.04789724,2.55068377,16.2857226,5.579809414,,,,71.2,58.0,4.970712794,10.45771327,11.29673167,38.72693311,17.34618878,81.92836290000002,17.29267663,67.67360966,3.9,2.8,4.9,4.635037404,8.966240509,3.9,11.5,7.7,,3.91046357,38.49904251,72.53703308,12.4317503,11.6778619343893,4.78610468,9.01762295,21.41591072,0.83746135,3.74397159,8.24491978,15.53446674,0.76795828,60.77016068,23.39593124,44.0808754,66.15234375,25.46801758,45.051571579270494,4535056.0
103,TCD,103,960.0,23.8,25.5,24.6,34.39101706,74.98047258,43.37833546,2.492675598,16.40743435,5.573681701,,0.2782,0.0413,67.7,54.7,4.802384585,10.57634299,12.53731827,38.26255620000001,18.23340101,81.56673409999998,17.21540774,67.31806417,4.0,2.9,5.0,4.480362069,9.047280285,3.9,11.2,7.6,,3.85607934,37.41161346,76.88246155,10.58332825,19.488953936543396,3.95939422,8.13672352,24.77817154,0.95546591,4.00131798,9.26991367,19.0500679,,59.42822266,22.23305702,45.68987656,64.63850403,24.18230629,45.0979460933904,4695491.0
104,TCD,116,970.0,23.7,25.1,24.3,34.78615286,74.91403535,43.71380254,2.432922503,16.52914609,5.569050119,,0.3383,0.0433,64.7,52.2,4.636818324,10.70797494,13.77790487,37.79817928,19.12193481,81.20510529,17.13813886,66.95148414,4.1,3.1,5.1,4.328200159,9.138990094,3.8,10.9,7.4,,4.06645298,39.95672226,84.34866333,8.2795887,31.530520717859396,3.30825257,6.98372269,27.94080734,1.13619971,4.98224354,11.1642313,23.56769753,,58.63795471,23.42980576,49.46032715,63.77960587,25.48423958,45.15820998104779,4865401.0
105,TCD,129,980.0,23.5,24.6,24.0,35.18211409,74.83842841,44.05402607,2.371424487,16.65085783,5.566019428,,0.2639,0.0445,63.1,51.5,4.474014014,10.85331183,15.01849146,37.33380237,20.0108734,80.84347649,17.06086997,66.57403452,3.9,3.0,4.9,4.178551671,9.241946941,3.7,10.5,7.1,,4.27316856,43.72490692,93.51703644,10.50217915,27.6887260850415,4.5920682,9.82132721,28.88875008,1.23446512,5.61684799,12.6315794,27.01590347,,55.72120667,24.3640461,52.10881424,60.60907364,26.50126266,45.238243116381504,5039537.0
106,TCD,142,880.0,23.2,24.1,23.6,35.57890074,74.75365178,44.39909697,2.308181549,16.77256957,5.564838707000001,,0.2525,0.0493,65.0,52.7,4.313971653,11.01336536,16.25907806,36.86942545,20.89949828,80.48184769,16.98360108,66.18521818,3.9,3.0,4.8,4.031416608,9.356973052,3.5,10.0,6.8,28.0,4.52395248,35.09303284,99.15447235,17.01005936,41.7991218125292,5.96934605,16.86623383,21.26423645,0.96198386,5.24520254,7.46226501,21.08444023,,56.72420883,19.90624428,56.24458694,61.72570419,21.66142273,45.3229952287734,5221718.0
107,TCD,155,730.0,23.1,23.8,23.4,35.97651279999999,74.65970544,44.74869976,2.243193689,16.89428131,5.565620778,,0.2133,0.0371,66.1,55.9,4.156691241,11.18890461,17.49966465,36.40504854,21.78683825,80.12021889,16.90633219,65.78520452,3.8,2.9,4.6,3.886794968,9.484698858,3.5,9.8,6.7,,4.90541553,34.352211,99.77900696,22.31062508,56.203515172434216,7.66419268,22.26132202,16.76631737,0.82245749,5.72502136,5.75960016,16.72926521,,55.98659515,19.23263168,55.86287308,60.92305756,20.92841721,45.368816826936104,5408186.0
108,TCD,168,640.0,23.2,23.6,23.4,36.37495028,74.55658941,45.10250956,2.176460907,17.01599305,5.568481244,,0.2322,0.0434,69.6,59.1,4.002172779,11.38071688,18.74025125,35.94067162,22.67192343,79.75859008,16.82906331,65.37415852,3.8,3.0,4.6,3.744686751,9.625769072,3.6,9.9,6.7,29.0,4.40445328,29.49969864,85.68202972,21.05523491,25.607731292754195,6.21123123,18.04055405,15.80557251,0.69614905,4.67839575,4.66259623,13.54253578,,58.02315903,17.11665726,49.71542358,63.13919449,18.62587166,45.446718265368794,5597040.0
109,TCD,181,680.0,23.0,23.4,23.2,36.77421319,74.44430367,45.46056009,2.1079832030000003,17.1377048,5.573686802,,,,72.3,58.9,3.850416266,11.58993917,19.98083784,35.47629471,23.55393562,79.39696128,16.75179442,64.95161324,3.6,2.8,4.4,3.605091959,9.781107203,3.4,9.8,6.6,,4.09880257,29.23851013,79.01350403,15.63923073,45.765715849694395,4.57267809,12.35710335,17.00144196,0.69685549,5.22710848,4.97096872,13.43343544,,61.90134811,18.09903336,48.91042328,67.35932922,19.69486618,45.5357229226175,5789112.0
110,TCD,194,700.0,22.6,22.9,22.7,37.17430151,74.32284823,45.82211121,2.037760577,17.25941654,5.58120967,,0.1377,0.0542,73.2,60.5,3.701421703,11.81708026,21.22142444,35.01191779,24.43171321,79.03533248,16.67452553,64.51836105,3.5,2.7,4.3,3.46801059,9.951135834,3.3,9.6,6.4,28.0,,,,,,,,,,,,,,,,,,,45.643622161546794,5986315.0
111,TCD,207,630.0,,,,37.57521525,74.19222309,46.18753479,1.96579303,17.38112828,5.591479791,,,,70.7,60.4,3.55518909,12.06370114,22.46201104,34.54754088,25.30452727,78.67370368,16.59725664,64.07332241,,,,3.333442644,10.13711759,,,,,,,,,,,,,,,,,,,,,,,,5983843.0
112,USA,12,46180.0,13.1,19.3,16.1,95.51131593,99.69304221,98.8536874,,96.41144911,95.23581292,3.2,9.9177,,0.9,0.2,99.9963302,99.8817868,,,,0.0,0.0,0.0,0.4,0.3,0.5,,97.8283804,5.2,18.7,11.9,79.0,14.60567665,6454.68310547,6454.68310547,0.0,,0.0,0.0,45.39051437,6.62959194,17.93762779,2929.8137207,2929.8137207,0.60909748,13.85522079,894.31054688,894.31054688,54.60948181,3524.86938477,45.789584101087506,152069621.0
113,USA,25,47850.0,12.7,18.8,15.7,95.51131593,99.69304221,98.86083682,,96.41144911,95.24582727,3.18,,,0.9,0.2,99.9963302,99.88154042,,,,0.0,0.0,0.0,0.4,0.3,0.5,,97.89264968,5.4,19.1,12.1,,14.70215797,6821.10742188,6821.10742188,0.0,,0.0,0.0,46.31615448,6.80947447,18.57003403,3159.27490234,3159.27490234,0.60801107,13.47142792,918.9005127,918.9005127,53.68384171,3661.83251953,45.7686889567768,153926382.0
114,USA,38,48520.0,12.4,18.5,15.4,95.51131593,99.69304221,98.86794461,,96.41144911,95.2557833,3.14,,,1.0,0.2,99.9963302,99.88129549,,,,0.0,0.0,0.0,0.4,0.3,0.5,,97.95699817,5.5,19.5,12.4,,14.91858959,7172.16601563,7172.16601563,0.0,,0.0,0.0,46.40944672,6.92363548,18.49967003,3328.56225586,3328.56225586,0.66301745,13.4684,965.97601318,965.97601318,53.59055328,3843.60302734,45.8278518391271,155217714.0
115,USA,51,49090.0,12.3,18.3,15.2,95.51131593,99.69304221,98.87501291,,96.41144911,95.2656829,3.13,,,1.0,0.2,99.9963302,99.8810546,,,,0.0,0.0,0.0,0.4,0.3,0.6,,98.02142764,5.6,20.0,12.7,,15.28626251,7410.70068359,7410.70068359,0.0,,0.0,0.0,47.44251251,7.25218725,18.21088409,3515.82275391,3515.82275391,0.70501685,13.14216423,973.92645264,973.92645264,52.55748749,3894.87768555,45.9726127208959,157018957.0
116,USA,64,47830.0,12.0,18.0,14.9,95.51131593,99.69304221,98.88203953,,96.41144911,95.27552413,3.08,,,0.8,0.2,99.9963302,99.88081511,,,,0.0,0.0,0.0,0.4,0.3,0.5,,98.08593485,5.7,20.0,12.8,,16.28372383,7681.24755859,7681.24755859,0.0,,0.0,0.0,48.38542557,7.87894869,18.21194649,3716.60473633,3716.60473633,0.64774346,12.50273705,960.36633301,960.36633301,51.61457825,3964.64331055,46.1763745407885,157119037.0
117,USA,77,49140.0,11.7,17.5,14.5,95.88944969,99.71441514,98.97895208,,96.50727218,95.46778236,3.05,12.5927,,0.7,0.2,99.90014735,99.86076619,,,,0.0,0.0,0.0,0.4,0.3,0.5,,98.13517396,5.8,20.5,13.1,80.0,16.34537888,7930.15136719,7930.15136719,0.0,,0.0,0.0,48.63797379,7.95006084,18.41686821,3857.06518555,3857.06518555,0.62384319,12.25146866,971.56011963,971.56011963,51.36202621,4073.08666992,46.1839663657131,156908693.0
118,USA,90,50630.0,11.6,17.3,14.3,96.26758346,99.73578807,99.07488707,,96.60312747,95.65914859,2.97,,,0.7,0.2,99.8039645,99.84103269,,,,0.0,0.0,0.0,0.4,0.3,0.6,,98.18494766,6.0,20.9,13.4,,16.29982948,8130.75634766,8130.75634766,0.0,,0.0,0.0,48.67468643,7.93388987,18.86833572,3957.61987305,3957.61987305,0.64086157,12.25356388,996.30743408,996.30743408,51.32531357,4173.13623047,46.1151942879164,156988739.0
119,USA,103,52780.0,11.5,17.1,14.2,96.64571722,99.75716101,99.16968809,,96.69901497,95.84939996,2.93,,,0.7,0.2,99.70778165,99.82162867,,,,0.0,0.0,0.0,0.4,0.3,0.5,,98.2352578,6.1,21.1,13.5,,16.28528976,8399.23925781,8399.23925781,0.0,,0.0,0.0,48.55210876,7.90685177,19.65458298,4078.00756836,4078.00756836,0.64806396,12.10266495,1016.53167725,1016.53167725,51.44789124,4321.23144531,45.9403050128512,158669839.0
120,USA,116,53980.0,11.3,16.9,14.0,97.02385099,99.77853394,99.26337949,,96.79493469,96.03857024,2.89,,,0.8,0.2,99.61159879,99.80256859,,,,0.0,0.0,0.0,0.4,0.3,0.5,,98.28612717,6.2,21.0,13.5,,16.21042252,8599.52734375,8599.52734375,0.0,,0.0,0.0,48.96592331,7.93758345,20.34754562,4210.83789063,4210.83789063,0.64016742,12.01310253,1033.07006836,1033.07006836,51.03407669,4388.68896484,45.912403001954004,158786446.0
121,USA,129,55800.0,11.2,16.7,13.9,97.40198475,99.79990687,99.35588121,,96.89088663,96.22654489,2.83,,,0.7,0.2,99.51541594,99.78386084,,,,0.0,0.0,0.0,0.4,0.3,0.6,,98.33755989,6.5,21.6,14.0,,16.40644836,9023.61132813,9023.61132813,0.0,,0.0,0.0,50.20534897,8.23691463,21.47814751,4530.33544922,4530.33544922,0.59188783,11.53733253,1041.08410645,1041.08410645,49.79465103,4493.27587891,45.9645293051157,159585089.0
122,USA,142,56640.0,11.2,16.7,13.9,97.78011851,99.82127981,99.44715776,,96.98687079,96.41326821,2.8,,,0.7,0.2,99.41923309,99.7655241,,,,0.0,0.0,0.0,0.4,0.3,0.6,,98.32452877,6.8,22.2,14.4,81.0,16.71075249,9491.09082031,9491.09082031,0.0,,0.0,0.0,50.69922638,8.47222233,22.33287811,4811.90966797,4811.90966797,0.59087205,11.22007656,1064.90771484,1064.90771484,49.30077362,4679.18115234,45.8652664437359,160656132.0
123,USA,155,57130.0,11.3,16.8,14.0,98.15825228,99.84265274,99.53713865,,97.08288716,96.59863984,2.77,,,0.7,0.2,99.32305024,99.74755356,,,,0.0,0.0,0.0,0.5,0.3,0.7,,98.31176198,7.0,23.5,15.1,,17.04898262,9877.87109375,9877.87109375,0.0,,0.0,0.0,50.38727951,8.59051895,22.45356369,4977.19140625,4977.19140625,0.5841884,11.19551945,1105.87902832,1105.87902832,49.61272049,4900.68066406,45.870842092588994,162618460.0
124,USA,168,59240.0,11.1,16.5,13.8,98.53638604,99.86402567,99.62581578,,97.17893575,96.78265168,2.87,14.5812,,0.6,0.2,99.22686738,99.72996764,,,,0.0,0.0,0.0,0.5,0.3,0.7,,98.29928582,7.1,24.9,15.9,82.0,17.00361443,10209.63085938,10209.63085938,0.0,,0.0,0.0,50.25420379999999,8.54503059,22.49492645,5130.76904297,5130.76904297,0.60565847,11.00358582,1123.42553711,1123.42553711,49.74579620000001,5078.86181641,46.0255844715831,164326552.0
125,USA,181,63490.0,11.1,16.3,13.6,98.91451981,99.8853986,99.71312112,,97.27501656,96.96518791,,15.685,2.6036,0.6,0.2,99.13068453,99.71277377,,,,0.0,0.0,0.0,0.5,0.3,0.7,,98.28709462,7.2,24.3,15.7,,16.88529778,10623.84960938,10623.84960938,0.0,,0.0,0.0,50.4128685,8.51236343,22.50150681,5355.78710938,5355.78710938,0.59184301,10.80886078,1148.3170166,1148.3170166,49.5871315,5268.0625,46.05997764452379,165551383.0
126,USA,194,65970.0,11.1,16.1,13.6,99.29265357,99.90677154,99.79904438,,97.37112958,97.14624349,,,,0.6,0.2,99.03450168,99.69599445,,,,0.0,0.0,0.0,0.5,0.3,0.7,,98.27522266,7.5,25.0,16.1,83.0,,,,,,,,,,,,,,,,,,,46.1636267893611,167329067.0
127,USA,207,64550.0,,,,99.67078734,99.92814447,99.88352668,,97.46727482,97.32571774,,,,0.6,0.2,98.93831882,99.67961928,,,,0.0,0.0,0.0,,,,,98.26364733,,,,,,,,,,,,,,,,,,,,,,,,165163504.0
128,YEM,12,700.0,25.6,32.5,29.1,33.02604013,74.16225088,44.92921454,,,,0.61,,,,,31.32885976,47.62678749,,,,37.56524067,3.627911085,27.74513617,2.4,1.9,2.9,,23.48498636,4.8,7.0,5.9,32.0,5.20585251,43.37588501,197.38352966,2.07180619,11.288093045326299,0.8986643,4.08940411,31.79182625,1.65503561,4.50115108,13.78998756,62.75183105,,64.78065491,28.09918404,127.86634827,66.1363678,28.68723679,17.1093899767069,4569596.0
129,YEM,25,810.0,25.4,32.1,28.7,34.24842867,74.35489855,46.07582758,,,,0.7,,,,,31.82654335,48.07614926,,,,36.06245967,3.457296214,26.4471977,2.3,1.8,2.7,,22.86442038,4.7,6.9,5.8,,5.52930164,51.00078583,216.50656128,3.49662447,15.546473985389099,1.78330576,7.57042217,29.40259361,1.62575805,4.35058546,14.99555302,63.65855026,,65.89186859,33.60536575,142.66021729,67.1007843,34.22192383,16.1654157811832,4683882.0
130,YEM,38,890.0,25.1,31.7,28.4,35.46433593,74.54718587,47.20912185,,,,0.7,,,,,32.32006641,48.51373294,,,,34.55967866,3.286681344,25.16182985,2.2,1.8,2.7,,22.24149394,4.7,6.9,5.8,,5.82077599,59.23065186,235.08110046,2.87722301,33.2926887487415,1.704198,6.76380777,26.86841583,1.56395006,3.87601113,15.91433716,63.16256714,,69.15579224,40.9614296,162.57221985,70.25436401,41.61211395,15.261602320578401,4811559.0
131,YEM,51,1010.0,25.0,31.5,28.3,36.67376192,74.73911284,48.32899223,,,,0.7,,0.3156,,,32.80942891,48.93941154,,,,33.05689766,3.116066474,23.88931415,2.2,1.7,2.6,,21.61612063,4.8,7.1,6.0,,5.76191616,70.82818604,239.03639221,2.54176903,48.5268334117882,1.80028915,6.07575321,27.81732178,1.60281086,3.88588715,19.70250511,66.49351501,,68.61846161,48.60121536,164.02308655,69.64090729,49.32540131,14.403258580066499,4947922.0
132,YEM,64,1100.0,24.8,31.1,27.9,37.87670664,74.93067947,49.43532307,,,,0.7,,0.3165,,,33.29463088,49.35304639,36.48768043,70.15407376,46.9895753,31.55411665,2.945451604,22.62992956,2.1,1.6,2.5,,20.9882113,4.8,7.0,5.9,,5.98619986,66.81106567,252.70223999,2.85074878,44.177211586122894,1.90461552,7.20390701,21.86180878,1.30869162,3.71630144,14.60610771,55.24528885,,74.21583557,49.58439255,187.54508972,75.28744507,50.30034256,13.5603277906434,5089346.0
133,YEM,77,1200.0,24.4,30.5,27.4,39.07317008,75.12188574,50.5280088,,,,0.72,0.7165,,,,33.7756723,49.75451074,36.48768043,70.15407376,47.18551249,30.05133564,2.774836734,21.38395497,1.9,1.5,2.3,,20.3576839,4.6,6.8,5.7,41.0,5.15932894,68.86593628,230.76266479,2.41971827,43.2910361152795,1.66636169,5.58380604,22.52561951,1.16217077,3.84780169,15.51247787,51.98071671,,74.01689911,50.97243118,170.80337524,75.05466461,51.68709946,12.741389942702199,5231266.0
134,YEM,90,1080.0,24.3,30.2,27.2,40.26315224,75.31273167,51.60659784,,,,0.7,,,,,34.25255318,50.14319118,36.48768043,70.15407376,47.38347169,28.54855464,2.604221864,20.15193099,1.9,1.5,2.2,,19.72430733,4.6,6.6,5.6,,4.7695322,65.56300354,184.88150024,3.61084342,37.6051707377522,2.36737728,6.67578125,22.89780807,1.09211838,3.65991807,15.01249027,42.3338089,,72.48512268,47.52342987,134.01158142,73.49134827,48.18313599,11.4436776005862,5317032.0
135,YEM,103,1260.0,24.2,30.1,27.1,41.44665313,75.50321725,52.67101686,,,,0.72,,,,,34.72527352,50.51899943,36.48768043,70.15407376,47.58345156,27.04577363,2.433606994,18.93409593,1.9,1.5,2.2,,19.08802912,4.6,6.8,5.7,,5.1959362,75.14369965,204.46878052,3.52125764,24.9567369613508,2.64600325,7.19987249,23.89010239,1.24131441,3.42734075,17.9519062,48.84780121,,71.61328125,53.81287003,146.42680359,72.58863831,54.54578781,10.2615305428952,5408852.0
136,YEM,116,1440.0,24.1,29.9,26.9,42.62367275,75.69334248,53.72152328,,,,0.67,0.8649,,,,35.19383332,50.88231435,36.48768043,70.15407376,47.78578544,25.54299262,2.262992124,17.73045721,1.9,1.5,2.3,,18.44893568,4.6,6.7,5.7,,4.96083164,79.7281189,202.64416504,4.66652393,43.014646269029,3.72053194,9.45643902,19.74684525,0.97960776,3.18082356,15.74378872,40.01583481,,74.58348083,59.46400833,151.13908386,75.58663177,60.26379776,9.20539160921733,5504850.0
137,YEM,129,1460.0,23.9,29.6,26.7,43.79421109,75.88310736,54.75738079,,,,0.71,0.8789,0.5251,,,35.65823257,51.23211023,36.48768043,70.15407376,47.98980227,24.04021162,2.092377254,16.54173314,1.9,1.5,2.3,,17.80669992,4.5,6.9,5.7,,4.8418044999999985,81.05194855,195.87521362,6.38128138,49.550936822964296,5.17215252,12.49934864,16.18166351,0.78348452,2.82031083,13.11555195,31.69586754,,76.41697693,61.93743896,149.68190002,77.4370575,62.76423264,8.24040322940363,5604750.0
138,YEM,142,1200.0,23.8,29.5,26.6,44.95826816,76.07251190000002,55.77886863,,,,0.71,0.7242,,,,36.11847128,51.56878998,36.48768043,70.15407376,48.19584197,22.53743061,1.921762384,15.36791972,2.3,1.9,2.7,,17.43173948,4.3,6.7,5.5,43.0,4.88250208,73.17674255,140.59262085,7.78418875,55.4216124556806,5.69621515,10.94399357,10.18244362,0.49715802,2.22872186,7.45118046,14.31576443,,80.95723724,59.24187088,113.81990051,82.03360748,60.02952194,8.06938770984221,5861845.0
139,YEM,155,1160.0,24.0,29.7,26.8,46.11584395,76.26155608,56.78561942,,,,0.71,0.7485,,,,36.70478083,52.09781326,36.48768043,70.15407376,48.40356551,21.0346496,1.751147513,14.20944734,1.7,1.3,2.1,,17.72453633,4.4,7.0,5.7,,,,,,,,,,,,,,,,,,,,7.98555964968537,6096805.0
140,YEM,168,1080.0,24.3,30.0,27.1,47.26693846,76.45023992,57.77759796,,,,0.71,0.7682,,,,37.29109038,52.61740725,36.48768043,70.15407376,48.61296992,19.531868600000006,1.5805326430000002,13.06651614,1.6,1.2,1.9,,18.01167564,4.4,6.8,5.6,44.0,,,,,,,,,,,,,,,,,,,7.91395382741138,6331159.0
141,YEM,181,910.0,24.6,30.4,27.4,48.41155171,76.63856341,58.75449134,,,,,0.7852,,,,37.87739993,53.12701573,,,,18.02908759,1.409917773,11.93949097,1.5,1.2,1.9,,18.29296749,4.7,7.0,5.9,,,,,,,,,,,,,,,,,,,,7.895300312704929,6561777.0
142,YEM,194,,24.8,30.6,27.6,49.54968367,76.82652655,59.71657902,,,,,,,,,38.46370948,53.62693817,,,,16.52630658,1.239302903,10.82838151,1.8,1.4,2.2,,18.56846192,4.6,7.0,5.8,44.0,,,,,,,,,,,,,,,,,,,7.881055743546589,6793468.0
143,YEM,207,,,,,50.68133437,77.01412934,60.66356984,,,,,,,,,39.05001903,54.11663604,,,,15.02352558,1.068688033,9.733525995,,,,,18.83797863,,,,,,,,,,,,,,,,,,,,,,,,6956391.0
